,anger,anticipation,disgust,fear,joy,sadness,surprise,trust,negative,positive,score,product
1,2,9,4,1,7,2,4,10,5,14,9,Leaf
2,3,1,1,0,2,2,1,1,4,5,1,Leaf
3,6,18,3,6,17,7,7,17,15,31,16,Leaf
4,4,0,1,3,5,3,1,4,8,12,4,Leaf
5,1,5,2,0,5,2,1,5,5,10,5,Leaf
6,0,3,0,1,4,2,1,4,3,8,5,Leaf
7,0,2,0,1,1,2,1,2,8,3,-5,Leaf
8,2,7,2,5,1,3,0,7,7,6,-1,Leaf
9,2,7,1,2,4,3,0,5,5,10,5,Leaf
10,0,4,0,0,2,1,0,2,3,7,4,Leaf
11,1,6,1,2,3,2,3,7,3,10,7,Leaf
12,1,5,2,3,4,3,1,7,5,10,5,Leaf
13,3,6,1,4,1,1,1,3,5,5,0,Leaf
14,1,2,0,1,1,0,0,3,2,5,3,Leaf
15,1,4,0,5,3,1,1,6,5,6,1,Leaf
16,1,3,0,1,2,0,2,6,3,5,2,Leaf
17,2,4,0,1,2,3,0,2,5,4,-1,Leaf
18,0,4,0,0,5,1,2,5,3,9,6,Leaf
19,2,3,0,1,3,0,2,2,5,5,0,Leaf
20,0,3,0,0,4,0,1,2,0,6,6,Leaf
21,0,4,0,1,2,2,0,3,4,6,2,Leaf
22,1,3,2,1,5,1,2,7,5,9,4,Leaf
23,0,6,2,1,6,2,2,6,5,10,5,Leaf
24,2,0,1,1,2,1,0,4,4,7,3,Leaf
25,0,1,0,0,1,0,0,1,0,1,1,Leaf
26,0,4,0,0,1,0,0,3,2,4,2,Leaf
27,8,9,3,3,6,5,2,13,15,21,6,Leaf
28,0,4,0,0,3,1,1,3,3,5,2,Leaf
29,1,4,0,0,8,1,1,6,4,11,7,Leaf
30,1,5,1,2,6,1,3,6,6,11,5,Leaf
31,1,1,0,0,2,0,0,2,4,6,2,Leaf
32,0,2,0,0,2,0,0,4,0,3,3,Leaf
33,2,3,4,4,5,2,1,7,7,12,5,Leaf
34,0,0,0,0,1,0,0,2,0,2,2,Leaf
35,1,4,0,2,7,1,0,4,2,9,7,Leaf
36,1,3,1,1,4,2,2,3,3,6,3,Leaf
37,0,2,1,0,2,0,0,3,2,5,3,Leaf
38,0,0,0,0,2,0,0,2,1,4,3,Leaf
39,2,4,2,2,4,3,2,5,5,6,1,Leaf
40,0,1,1,1,1,1,1,4,2,4,2,Leaf
41,0,2,0,1,2,0,0,5,1,6,5,Leaf
42,0,3,0,1,3,3,2,4,4,5,1,Leaf
43,1,2,0,0,3,1,0,4,1,9,8,Leaf
44,0,3,0,2,4,2,1,5,4,5,1,Leaf
45,0,2,0,0,1,0,0,1,2,2,0,Leaf
46,0,1,0,0,2,0,1,3,2,4,2,Leaf
47,1,2,0,1,4,2,1,4,4,4,0,Leaf
48,0,1,0,0,2,1,0,1,1,3,2,Leaf
49,0,1,0,1,1,1,0,0,3,5,2,Leaf
50,0,2,0,1,0,1,0,1,1,2,1,Leaf
51,0,7,0,1,6,0,1,6,0,9,9,Leaf
52,1,7,1,2,5,1,1,5,3,8,5,Leaf
53,0,1,0,0,2,0,2,2,0,4,4,Leaf
54,0,3,0,3,2,1,2,2,3,3,0,Leaf
55,1,8,0,0,7,1,4,3,4,9,5,Leaf
56,0,1,0,0,2,0,0,1,0,3,3,Leaf
57,1,1,0,1,1,0,0,2,2,3,1,Leaf
58,1,0,0,0,0,0,0,0,1,1,0,Leaf
59,0,4,0,0,1,0,1,1,0,5,5,Leaf
60,1,4,1,1,4,0,1,4,4,6,2,Leaf
61,0,1,0,0,3,1,0,4,3,6,3,Leaf
62,0,2,0,0,3,1,0,2,2,5,3,Leaf
63,0,2,0,0,0,0,0,3,1,7,6,Leaf
64,0,2,0,1,2,0,1,2,1,5,4,Leaf
65,0,3,1,1,1,0,2,1,1,3,2,Leaf
66,1,3,0,0,4,0,1,2,1,5,4,Leaf
67,0,0,0,0,1,0,0,1,2,4,2,Leaf
68,0,1,0,0,2,0,0,1,0,5,5,Leaf
69,0,3,0,1,2,0,0,3,2,3,1,Leaf
70,2,1,0,1,1,1,0,2,4,4,0,Leaf
71,0,1,0,0,2,1,0,2,1,3,2,Leaf
72,0,4,0,1,4,2,0,5,3,7,4,Leaf
73,0,2,0,1,0,0,0,1,3,4,1,Leaf
74,0,0,0,0,3,2,2,1,1,5,4,Leaf
75,1,4,0,0,5,1,1,7,4,14,10,Leaf
76,1,6,2,4,5,1,3,5,3,8,5,Leaf
77,0,4,0,0,3,0,0,2,0,3,3,Leaf
78,0,1,0,0,1,0,0,2,2,2,0,Leaf
79,0,2,0,1,3,1,0,4,2,6,4,Leaf
80,0,1,0,0,2,0,0,2,2,2,0,Leaf
81,1,2,0,0,3,0,0,3,2,3,1,Leaf
82,0,2,1,0,1,1,0,1,3,4,1,Leaf
83,0,1,0,0,2,0,2,2,0,3,3,Leaf
84,0,3,0,0,5,0,2,6,1,8,7,Leaf
85,0,2,0,0,2,0,0,7,2,4,2,Leaf
86,0,0,0,0,1,0,0,0,0,1,1,Leaf
87,0,2,0,0,2,2,1,2,3,3,0,Leaf
88,2,2,0,0,1,0,1,1,3,2,-1,Leaf
89,0,2,0,1,4,2,1,2,2,6,4,Leaf
90,0,0,0,0,3,0,1,3,0,5,5,Leaf
91,1,1,1,0,2,1,1,1,0,4,4,Leaf
92,1,3,0,1,5,0,1,4,2,7,5,Leaf
93,1,3,0,0,3,2,1,2,2,6,4,Leaf
94,0,0,0,0,0,0,0,1,1,2,1,Leaf
95,0,4,0,0,2,0,0,2,2,3,1,Leaf
96,1,0,0,1,1,0,0,0,1,1,0,Leaf
97,0,0,0,0,1,1,0,1,2,3,1,Leaf
98,0,1,0,0,1,2,1,2,4,2,-2,Leaf
99,0,2,0,0,2,0,1,3,0,3,3,Leaf
100,2,3,0,2,2,2,1,6,5,10,5,Leaf
101,0,2,1,0,2,1,0,2,3,4,1,Leaf
102,1,0,0,0,1,0,0,0,2,2,0,Leaf
103,0,1,0,0,2,0,0,4,3,5,2,Leaf
104,1,0,0,1,2,0,0,2,2,5,3,Leaf
105,0,3,0,1,2,0,2,3,0,5,5,Leaf
106,0,0,0,1,1,1,0,1,2,3,1,Leaf
107,1,1,1,0,1,0,0,0,1,1,0,Leaf
108,0,0,0,0,0,0,0,0,0,0,0,Leaf
109,0,6,0,0,4,0,2,5,1,6,5,Leaf
110,0,2,0,0,2,0,0,2,1,3,2,Leaf
111,0,0,0,0,1,0,0,1,0,3,3,Leaf
112,0,1,0,0,2,2,2,2,2,5,3,Leaf
113,0,2,0,1,3,0,0,2,2,4,2,Leaf
114,0,4,1,1,3,0,0,2,1,4,3,Leaf
115,0,1,0,0,2,0,0,1,0,5,5,Leaf
116,1,5,1,2,6,3,3,3,5,8,3,Leaf
117,0,1,1,0,4,2,1,4,3,8,5,Leaf
118,0,1,0,0,4,0,0,4,1,8,7,Leaf
119,0,1,0,0,2,0,0,2,0,4,4,Leaf
120,0,3,0,1,1,2,0,3,4,5,1,Leaf
121,2,3,0,1,3,2,1,2,3,5,2,Leaf
122,0,0,0,0,1,0,0,1,1,2,1,Leaf
123,0,0,0,0,1,0,0,0,0,1,1,Leaf
124,2,1,2,2,2,1,2,1,5,3,-2,Leaf
125,0,1,0,2,0,1,0,2,2,0,-2,Leaf
126,1,0,0,0,1,1,0,2,1,3,2,Leaf
127,1,2,0,0,3,0,2,2,1,3,2,Leaf
128,0,0,0,0,1,0,1,0,0,2,2,Leaf
129,0,0,0,0,4,0,0,2,0,5,5,Leaf
130,1,1,0,0,2,0,0,2,2,5,3,Leaf
131,0,1,0,0,3,0,0,2,0,4,4,Leaf
132,2,4,0,0,4,0,3,2,2,9,7,Leaf
133,0,0,0,0,2,0,1,3,1,4,3,Leaf
134,0,1,0,0,1,0,0,0,1,2,1,Leaf
135,0,1,0,0,3,0,0,2,1,3,2,Leaf
136,0,0,0,0,0,0,0,0,0,0,0,Leaf
137,0,3,0,0,3,0,0,0,0,3,3,Leaf
138,0,3,0,1,1,1,0,2,2,4,2,Leaf
139,0,1,0,1,3,0,1,1,0,5,5,Leaf
140,0,2,0,1,3,0,0,4,3,8,5,Leaf
141,1,0,0,0,1,1,0,0,1,3,2,Leaf
142,0,0,0,0,1,0,0,2,0,4,4,Leaf
143,0,1,0,0,2,0,1,1,0,4,4,Leaf
144,0,2,0,0,1,1,1,1,2,2,0,Leaf
145,0,0,0,1,0,0,0,0,1,0,-1,Leaf
146,0,1,0,0,2,1,0,1,1,2,1,Leaf
147,0,1,1,0,2,0,1,2,0,4,4,Leaf
148,0,1,0,0,0,0,0,0,0,1,1,Leaf
149,0,1,0,0,3,0,1,2,1,6,5,Leaf
150,0,3,0,0,4,0,1,6,0,8,8,Leaf
151,0,1,0,0,1,0,0,2,0,4,4,Leaf
152,0,1,0,1,0,0,1,0,0,2,2,Leaf
153,0,1,0,0,1,0,0,2,0,2,2,Leaf
154,0,0,0,0,1,0,0,1,1,1,0,Leaf
155,1,1,0,1,1,1,0,0,1,2,1,Leaf
156,1,3,1,1,4,2,1,3,4,4,0,Leaf
157,0,0,0,0,1,1,0,1,1,2,1,Leaf
158,1,2,0,1,3,1,0,4,3,4,1,Leaf
159,0,0,0,0,2,0,0,0,0,2,2,Leaf
160,0,1,0,0,3,0,0,1,0,3,3,Leaf
161,0,0,0,0,1,0,0,0,0,1,1,Leaf
162,0,1,0,0,2,0,0,2,0,2,2,Leaf
163,0,8,0,2,5,1,3,6,2,13,11,Leaf
164,0,2,0,1,2,0,1,2,3,4,1,Leaf
165,0,0,0,1,1,1,0,0,1,1,0,Leaf
166,0,3,1,1,5,1,1,3,2,6,4,Leaf
167,0,0,0,0,1,1,0,1,3,4,1,Leaf
168,0,2,0,0,2,0,1,1,0,2,2,Leaf
169,1,1,1,1,2,0,1,4,2,5,3,Leaf
170,0,3,0,0,3,0,0,3,1,6,5,Leaf
171,0,0,0,0,1,0,0,0,0,1,1,Leaf
172,2,2,0,1,2,1,0,1,2,3,1,Leaf
173,0,1,0,0,3,0,0,3,0,5,5,Leaf
174,0,2,0,0,3,0,1,2,0,3,3,Leaf
175,0,0,0,0,1,1,0,0,1,2,1,Leaf
176,1,1,1,0,2,0,0,1,1,2,1,Leaf
177,0,1,0,0,1,0,0,1,0,1,1,Leaf
178,0,0,0,0,1,1,0,0,1,1,0,Leaf
179,0,1,0,0,1,0,0,2,0,3,3,Leaf
180,1,7,1,1,4,2,1,6,5,7,2,Leaf
181,4,10,2,4,4,5,2,9,8,18,10,Leaf
182,0,1,0,0,2,1,0,5,2,6,4,Leaf
183,1,1,0,0,1,0,0,2,2,1,-1,Leaf
184,0,1,0,0,3,0,0,1,0,4,4,Leaf
185,0,1,0,0,2,1,0,1,1,3,2,Leaf
186,0,0,0,0,0,0,0,1,1,0,-1,Leaf
187,1,1,0,0,0,0,0,1,3,0,-3,Leaf
188,0,6,0,0,4,0,0,1,0,5,5,Leaf
189,0,0,0,1,3,1,0,1,2,4,2,Leaf
190,0,0,0,0,2,1,0,0,1,2,1,Leaf
191,0,3,0,0,2,0,1,1,0,2,2,Leaf
192,1,2,1,1,3,1,1,3,1,5,4,Leaf
193,0,1,0,0,2,0,0,1,1,3,2,Leaf
194,0,0,0,0,0,0,0,0,0,2,2,Leaf
195,0,3,0,0,3,1,3,3,3,4,1,Leaf
196,0,0,0,0,0,0,0,3,2,1,-1,Leaf
197,1,2,1,3,3,2,1,1,2,3,1,Leaf
198,0,1,0,0,3,0,1,2,0,4,4,Leaf
199,1,5,0,0,4,0,3,8,3,10,7,Leaf
200,0,2,0,0,2,0,1,1,0,2,2,Leaf
201,0,2,0,0,2,0,0,0,0,4,4,Leaf
202,0,3,0,1,2,2,0,2,2,3,1,Leaf
203,0,1,0,1,2,0,1,3,0,2,2,Leaf
204,0,1,0,0,2,1,0,2,1,4,3,Leaf
205,0,1,0,0,1,0,0,0,0,3,3,Leaf
206,1,2,1,1,1,1,0,0,1,1,0,Leaf
207,0,0,0,0,0,0,0,1,0,1,1,Leaf
208,0,1,0,0,2,0,1,2,0,4,4,Leaf
209,0,0,0,0,1,0,0,2,0,4,4,Leaf
210,0,0,0,0,1,0,0,0,0,2,2,Leaf
211,0,1,0,1,2,0,0,2,2,2,0,Leaf
212,0,2,0,0,2,0,1,1,0,2,2,Leaf
213,0,0,0,0,1,1,0,0,0,1,1,Leaf
214,0,1,0,0,1,0,1,1,0,1,1,Leaf
215,0,0,0,0,2,0,0,0,0,2,2,Leaf
216,0,2,0,0,2,0,0,2,0,5,5,Leaf
217,1,0,1,0,0,0,0,1,2,3,1,Leaf
218,0,0,0,0,1,0,0,0,1,1,0,Leaf
219,0,0,0,1,1,0,0,2,1,2,1,Leaf
220,0,1,0,1,1,1,1,2,2,3,1,Leaf
221,0,1,0,0,3,1,1,3,2,4,2,Leaf
222,0,3,0,0,3,0,1,2,0,4,4,Leaf
223,0,1,0,0,2,1,0,2,3,2,-1,Leaf
224,0,1,0,0,1,0,0,1,0,3,3,Leaf
225,0,0,0,0,1,0,1,0,0,1,1,Leaf
226,0,5,0,1,3,0,1,2,0,3,3,Leaf
227,0,5,0,1,4,1,1,3,3,8,5,Leaf
228,0,0,0,0,1,0,0,0,1,1,0,Leaf
229,1,4,0,0,4,1,1,7,4,11,7,Leaf
230,0,1,0,0,2,0,0,1,1,2,1,Leaf
231,0,1,0,0,2,0,1,4,0,5,5,Leaf
232,0,0,0,0,1,0,0,1,1,1,0,Leaf
233,0,2,0,0,2,0,0,1,0,3,3,Leaf
234,0,2,0,0,3,1,0,3,1,4,3,Leaf
235,0,3,0,1,2,1,0,2,2,2,0,Leaf
236,0,1,0,0,2,1,1,1,1,4,3,Leaf
237,0,0,0,1,0,0,2,0,1,1,0,Leaf
238,0,0,0,0,2,0,0,1,0,4,4,Leaf
239,0,1,0,0,1,0,0,0,0,1,1,Leaf
240,0,1,0,0,1,0,0,0,0,2,2,Leaf
241,0,3,0,0,2,1,0,1,2,3,1,Leaf
242,0,2,0,0,2,0,1,3,0,4,4,Leaf
243,0,1,0,0,1,0,0,3,2,3,1,Leaf
244,0,4,1,0,4,0,1,4,1,5,4,Leaf
245,0,5,0,1,3,1,3,2,1,4,3,Leaf
246,0,2,0,0,4,0,0,4,0,5,5,Leaf
247,1,9,1,3,7,2,3,8,8,10,2,Leaf
248,1,2,1,3,3,2,1,6,4,5,1,Leaf
249,0,0,0,0,1,0,0,1,0,2,2,Leaf
250,0,0,0,0,0,0,0,1,1,0,-1,Leaf
251,0,0,0,0,1,1,0,2,1,2,1,Leaf
252,0,2,0,0,3,0,1,5,2,6,4,Leaf
253,0,3,0,0,1,1,0,2,1,1,0,Leaf
254,0,2,0,0,3,0,2,0,0,3,3,Leaf
255,0,1,0,0,0,0,0,0,0,0,0,Leaf
256,0,1,0,0,1,0,1,2,0,2,2,Leaf
257,1,2,0,0,3,0,1,2,2,3,1,Leaf
258,1,0,0,0,1,0,0,3,2,2,0,Leaf
259,0,1,0,0,2,0,0,1,0,4,4,Leaf
260,0,2,0,0,2,0,0,0,1,4,3,Leaf
261,0,1,0,0,1,0,0,1,0,2,2,Leaf
262,0,2,0,2,1,1,0,2,3,5,2,Leaf
263,0,0,0,0,1,0,0,1,1,2,1,Leaf
264,1,2,0,0,2,0,1,1,1,2,1,Leaf
265,0,1,0,0,2,0,0,0,0,5,5,Leaf
266,0,0,0,0,2,0,0,3,0,3,3,Leaf
267,0,0,1,0,1,0,1,2,0,3,3,Leaf
268,0,0,0,0,1,0,0,0,0,1,1,Leaf
269,0,0,0,1,1,0,0,0,0,1,1,Leaf
270,0,1,0,0,2,0,0,0,0,2,2,Leaf
271,0,1,0,0,1,0,0,0,0,3,3,Leaf
272,0,0,0,0,0,0,0,0,0,0,0,Leaf
273,0,0,0,0,1,0,1,2,0,2,2,Leaf
274,0,1,0,0,2,0,1,3,0,4,4,Leaf
275,0,0,0,0,1,0,0,1,1,1,0,Leaf
276,0,2,0,0,1,1,0,1,1,1,0,Leaf
277,0,1,0,0,3,0,1,1,0,5,5,Leaf
278,0,0,0,0,1,0,0,0,0,1,1,Leaf
279,0,1,0,0,1,0,0,2,1,1,0,Leaf
280,0,1,0,0,1,1,1,0,1,2,1,Leaf
281,0,1,0,0,2,0,0,1,1,3,2,Leaf
282,0,0,0,0,2,0,0,1,0,2,2,Leaf
283,0,2,0,0,2,0,0,1,0,2,2,Leaf
284,3,4,0,4,6,8,1,8,10,10,0,Leaf
285,0,0,0,0,0,0,0,1,0,1,1,Leaf
286,0,1,0,0,1,0,0,1,2,1,-1,Leaf
287,0,3,0,0,3,1,2,4,2,10,8,Leaf
288,0,1,0,0,2,0,0,1,1,2,1,Leaf
289,0,1,0,0,2,0,0,2,1,3,2,Leaf
290,1,2,0,0,2,0,0,2,1,5,4,Leaf
291,0,3,0,0,3,0,0,3,1,3,2,Leaf
292,0,1,0,0,2,0,0,3,1,2,1,Leaf
293,0,2,0,0,2,0,2,1,0,2,2,Leaf
294,0,0,0,0,1,0,0,1,1,1,0,Leaf
295,1,0,0,1,1,0,0,0,1,2,1,Leaf
296,0,2,0,0,2,0,1,2,0,4,4,Leaf
297,0,2,0,0,3,0,0,4,1,4,3,Leaf
298,0,0,0,0,1,0,0,0,0,1,1,Leaf
299,1,2,0,1,2,0,1,3,1,5,4,Leaf
300,0,2,0,0,1,0,0,1,1,2,1,Leaf
301,0,0,0,1,1,0,1,1,2,4,2,Leaf
302,0,0,0,0,1,1,0,0,1,1,0,Leaf
303,0,2,0,0,3,0,0,1,0,3,3,Leaf
304,0,0,0,0,2,0,0,1,0,4,4,Leaf
305,5,4,2,3,2,3,2,4,7,8,1,Leaf
306,0,0,0,0,2,0,0,0,2,2,0,Leaf
307,0,1,0,0,1,0,0,2,0,2,2,Leaf
308,0,0,0,0,1,0,0,0,0,1,1,Leaf
309,0,2,0,0,2,0,2,3,0,4,4,Leaf
310,0,1,0,0,2,0,0,2,0,2,2,Leaf
311,0,0,0,0,1,0,0,0,0,1,1,Leaf
312,0,0,0,0,1,0,0,0,0,3,3,Leaf
313,0,0,0,0,0,0,0,0,0,0,0,Leaf
314,0,0,0,0,1,0,0,0,0,1,1,Leaf
315,0,0,0,0,1,0,0,2,0,4,4,Leaf
316,0,1,0,0,2,0,0,1,0,2,2,Leaf
317,0,0,0,0,1,0,0,0,0,1,1,Leaf
318,0,2,0,0,1,0,0,1,0,1,1,Leaf
319,4,9,3,5,4,7,3,7,13,13,0,Leaf
320,0,0,0,0,2,0,0,0,0,2,2,Leaf
321,0,1,0,0,1,0,1,0,0,2,2,Leaf
322,0,0,0,0,1,0,0,0,0,1,1,Leaf
323,0,1,0,0,2,0,0,0,0,3,3,Leaf
324,0,0,0,0,1,0,0,0,0,1,1,Leaf
325,1,4,0,2,3,1,1,1,1,3,2,Leaf
326,0,2,0,0,3,0,0,4,2,4,2,Leaf
327,0,0,0,0,0,0,0,1,0,1,1,Leaf
328,0,0,0,0,1,0,0,1,0,2,2,Leaf
329,0,1,0,0,1,0,1,1,0,1,1,Leaf
330,0,2,0,1,3,1,0,3,1,6,5,Leaf
331,0,0,0,0,1,0,0,0,0,1,1,Leaf
332,3,6,1,2,8,2,5,6,6,9,3,Leaf
333,0,0,0,0,3,0,1,2,0,4,4,Leaf
334,0,1,0,0,4,0,0,1,0,6,6,Leaf
335,0,2,2,0,2,0,0,0,2,2,0,Leaf
336,0,0,0,0,1,0,0,0,0,1,1,Leaf
337,0,0,0,0,1,0,0,0,0,1,1,Leaf
338,0,1,0,0,2,0,0,0,0,3,3,Leaf
339,0,0,0,1,1,0,0,2,1,2,1,Leaf
340,0,1,0,0,2,0,0,1,0,3,3,Leaf
341,0,0,0,0,0,0,0,1,0,1,1,Leaf
342,0,0,0,0,1,0,0,0,1,1,0,Leaf
343,0,3,0,0,5,1,0,4,2,6,4,Leaf
344,0,0,0,0,0,0,0,0,1,1,0,Leaf
345,0,1,0,0,0,0,0,0,0,0,0,Leaf
346,0,0,0,0,2,0,1,1,0,2,2,Leaf
347,0,1,0,0,2,0,0,2,0,3,3,Leaf
348,0,0,0,0,1,0,0,2,2,2,0,Leaf
349,0,0,0,0,1,1,0,1,1,2,1,Leaf
350,0,0,0,0,1,0,0,0,0,2,2,Leaf
351,0,0,0,0,1,0,0,0,0,2,2,Leaf
352,0,2,0,0,1,0,0,0,0,3,3,Leaf
353,0,2,0,1,1,0,0,0,0,4,4,Leaf
354,0,2,0,0,2,0,0,1,0,2,2,Leaf
355,0,1,0,0,1,0,0,1,1,2,1,Leaf
356,0,0,0,0,2,0,0,0,0,2,2,Leaf
357,0,2,0,0,2,1,1,2,3,2,-1,Leaf
358,0,0,0,0,1,0,0,1,1,1,0,Leaf
359,0,0,0,0,1,0,0,1,1,1,0,Leaf
360,0,2,0,0,3,0,2,3,2,5,3,Leaf
361,2,1,3,3,2,4,2,5,6,8,2,Leaf
362,0,0,0,0,2,0,0,1,0,3,3,Leaf
363,0,0,0,0,0,0,0,1,0,2,2,Leaf
364,0,0,0,0,1,0,0,0,0,1,1,Leaf
365,0,0,0,0,1,0,0,0,0,2,2,Leaf
366,0,1,0,0,1,0,0,0,0,1,1,Leaf
367,0,1,0,0,1,0,0,0,1,1,0,Leaf
368,0,0,0,0,1,0,0,3,2,5,3,Leaf
369,0,0,0,0,1,0,0,0,0,1,1,Leaf
370,1,0,0,0,2,0,0,1,2,5,3,Leaf
371,0,0,0,0,2,0,0,2,0,3,3,Leaf
372,0,0,0,0,1,0,0,0,0,1,1,Leaf
373,1,0,0,0,0,1,0,0,2,2,0,Leaf
374,2,4,1,4,2,3,1,5,5,10,5,Leaf
375,4,2,1,4,2,4,1,0,6,2,-4,Leaf
376,0,0,0,0,0,0,0,0,0,0,0,Leaf
377,0,0,0,0,1,0,0,0,0,1,1,Leaf
378,0,1,0,0,2,0,0,1,0,2,2,Leaf
379,1,3,1,2,4,2,2,3,2,8,6,Leaf
380,0,0,0,0,2,0,0,0,0,3,3,Leaf
381,0,0,0,0,1,0,0,0,0,1,1,Leaf
382,0,0,0,0,1,0,0,0,0,1,1,Leaf
383,0,0,0,1,1,1,0,0,1,1,0,Leaf
384,0,0,0,0,1,0,0,0,0,1,1,Leaf
385,0,1,0,0,3,0,0,2,0,4,4,Leaf
386,0,1,0,0,1,0,1,0,0,1,1,Leaf
387,0,0,0,0,1,0,0,0,0,1,1,Leaf
388,0,1,0,0,2,0,1,0,0,2,2,Leaf
389,0,0,0,0,1,0,0,0,0,1,1,Leaf
390,0,1,0,0,1,0,0,0,0,1,1,Leaf
391,0,0,0,0,1,0,0,0,0,1,1,Leaf
392,0,0,0,0,1,0,0,0,0,1,1,Leaf
393,0,0,0,0,1,0,0,0,0,1,1,Leaf
394,1,5,0,3,3,1,3,6,7,9,2,Leaf
395,2,0,2,2,0,3,0,1,4,0,-4,Leaf
396,1,5,1,1,3,2,3,4,5,9,4,Leaf
397,2,2,0,3,0,0,1,0,3,1,-2,Leaf
398,1,7,0,2,5,1,3,6,3,9,6,Leaf
399,0,2,0,1,3,1,0,4,2,4,2,Leaf
400,0,2,1,0,2,0,1,1,1,3,2,Leaf
401,0,1,0,0,1,0,0,0,0,1,1,Leaf
402,0,5,0,0,4,0,3,2,0,6,6,Leaf
403,0,6,0,0,5,0,1,6,1,7,6,Leaf
404,0,3,1,0,3,0,1,2,1,4,3,Leaf
405,1,4,0,1,1,0,0,5,2,8,6,Leaf
406,1,3,1,0,2,1,1,2,2,2,0,Leaf
407,1,1,0,0,2,0,1,3,2,2,0,Leaf
408,3,7,2,3,3,2,2,4,11,10,-1,Leaf
409,0,6,0,1,5,0,1,4,0,7,7,Leaf
410,3,7,1,2,4,2,2,5,7,7,0,Leaf
411,0,0,0,0,1,0,1,3,1,3,2,Leaf
412,0,2,0,0,2,0,1,1,0,2,2,Leaf
413,0,0,0,0,0,0,0,0,0,0,0,Leaf
414,1,1,1,1,2,1,1,2,2,4,2,Leaf
415,0,1,0,0,0,0,0,0,0,0,0,Leaf
416,2,3,1,3,3,3,2,6,5,5,0,Leaf
417,2,3,1,0,3,0,3,4,2,5,3,Leaf
418,0,1,0,2,0,1,2,1,1,3,2,Leaf
419,2,1,1,0,1,2,0,1,4,4,0,Leaf
420,0,0,0,0,0,0,1,0,0,0,0,Leaf
421,2,2,2,2,2,2,2,4,4,9,5,Leaf
422,1,0,1,0,0,1,0,0,1,1,0,Leaf
423,0,6,0,1,3,2,1,3,4,4,0,Leaf
424,0,1,0,0,1,0,0,0,0,2,2,Leaf
425,0,1,0,0,0,0,0,1,0,1,1,Leaf
426,0,2,0,0,1,1,0,3,3,4,1,Leaf
427,0,0,0,0,0,0,0,2,1,1,0,Leaf
428,5,2,2,4,4,4,1,10,8,14,6,Leaf
429,0,0,1,0,1,2,0,0,2,1,-1,Leaf
430,1,2,0,1,3,0,0,4,1,8,7,Leaf
431,1,1,0,0,2,1,1,0,1,4,3,Leaf
432,1,4,0,0,1,1,2,2,4,1,-3,Leaf
433,0,1,0,0,1,1,0,3,3,5,2,Leaf
434,0,3,0,2,2,1,0,5,2,7,5,Leaf
435,0,3,0,0,2,0,1,2,0,4,4,Leaf
436,1,0,0,1,1,1,0,2,2,3,1,Leaf
437,0,0,0,0,1,0,0,0,1,2,1,Leaf
438,1,1,1,0,1,0,1,1,1,2,1,Leaf
439,0,0,0,0,0,0,0,0,0,0,0,Leaf
440,0,0,0,0,1,0,0,0,0,1,1,Leaf
441,0,8,0,0,5,2,2,6,2,8,6,Leaf
442,0,2,0,0,1,2,1,3,5,2,-3,Leaf
443,0,2,0,1,3,1,1,5,2,4,2,Leaf
444,0,0,0,0,1,0,0,0,0,1,1,Leaf
445,1,4,0,1,4,1,2,2,1,6,5,Leaf
446,0,2,0,1,3,3,0,3,3,6,3,Leaf
447,0,3,0,0,3,1,2,6,1,5,4,Leaf
448,1,1,1,1,0,2,1,1,2,1,-1,Leaf
449,1,3,1,1,0,0,0,2,2,5,3,Leaf
450,0,1,0,0,2,2,0,6,4,8,4,Leaf
451,0,5,1,1,5,1,2,3,2,5,3,Leaf
452,0,0,0,1,1,0,1,3,2,1,-1,Leaf
453,2,0,1,0,0,0,0,0,2,0,-2,Leaf
454,0,1,0,0,3,0,0,4,1,5,4,Leaf
455,0,0,0,0,1,0,0,1,0,4,4,Leaf
456,0,1,0,0,3,1,1,5,0,9,9,Leaf
457,0,2,1,3,3,2,2,5,6,8,2,Leaf
458,0,0,0,0,0,0,0,2,0,2,2,Leaf
459,0,1,0,0,2,1,1,2,0,3,3,Leaf
460,0,1,0,1,0,1,0,0,1,1,0,Leaf
461,2,3,2,2,2,3,1,3,4,7,3,Leaf
462,0,3,0,1,2,2,1,5,5,9,4,Leaf
463,1,0,0,0,0,0,0,0,1,1,0,Leaf
464,0,7,1,1,6,2,3,7,3,10,7,Leaf
465,0,0,0,0,1,0,0,0,0,1,1,Leaf
466,0,0,0,0,1,0,0,0,0,1,1,Leaf
467,2,4,0,1,3,1,1,2,2,6,4,Leaf
468,0,1,0,0,1,1,0,3,2,4,2,Leaf
469,0,1,0,0,1,0,0,2,0,3,3,Leaf
470,1,3,0,0,1,0,0,4,2,6,4,Leaf
471,0,2,1,0,3,0,1,2,1,5,4,Leaf
472,2,1,1,0,0,1,0,1,2,6,4,Leaf
473,0,4,0,1,3,4,0,2,4,7,3,Leaf
474,0,2,0,0,1,1,0,3,1,3,2,Leaf
475,0,1,0,1,2,1,0,2,2,5,3,Leaf
476,2,5,3,2,4,3,3,5,8,10,2,Leaf
477,0,1,0,0,0,0,1,3,1,3,2,Leaf
478,0,2,0,0,3,0,1,4,0,6,6,Leaf
479,2,2,0,1,4,1,0,4,2,7,5,Leaf
480,1,3,0,0,2,0,1,4,3,5,2,Leaf
481,0,3,0,0,4,2,3,3,0,5,5,Leaf
482,0,1,0,0,2,0,1,4,1,7,6,Leaf
483,0,0,0,0,1,0,0,0,0,1,1,Leaf
484,0,1,0,0,0,1,0,1,2,3,1,Leaf
485,1,0,0,0,0,0,0,2,1,2,1,Leaf
486,0,0,0,0,0,1,0,0,1,0,-1,Leaf
487,0,4,1,0,4,0,1,4,3,4,1,Leaf
488,0,2,0,0,1,0,0,2,2,2,0,Leaf
489,0,3,0,0,4,3,2,6,3,8,5,Leaf
490,2,2,1,2,3,3,1,2,5,7,2,Leaf
491,0,2,0,0,3,0,0,6,0,8,8,Leaf
492,1,0,0,0,1,1,1,0,3,1,-2,Leaf
493,1,2,0,2,3,0,0,6,3,5,2,Leaf
494,1,3,0,2,3,0,1,4,4,4,0,Leaf
495,0,1,1,0,3,1,0,2,3,4,1,Leaf
496,2,2,1,1,3,3,2,5,4,9,5,Leaf
497,6,5,2,3,4,2,5,7,10,12,2,Leaf
498,2,1,0,1,2,1,1,3,3,6,3,Leaf
499,2,2,0,0,2,1,0,0,2,3,1,Leaf
500,1,1,0,0,0,0,0,1,1,1,0,Leaf
501,0,0,0,0,1,0,0,0,0,1,1,Leaf
502,0,1,0,0,1,1,0,3,4,3,-1,Leaf
503,0,1,0,0,3,0,0,4,2,5,3,Leaf
504,2,4,2,5,3,5,2,8,6,9,3,Leaf
505,0,1,0,0,2,0,0,3,2,4,2,Leaf
506,1,1,0,0,1,0,1,1,1,2,1,Leaf
507,0,0,0,0,0,0,0,1,0,2,2,Leaf
508,0,1,0,0,2,0,0,0,0,2,2,Leaf
509,6,6,3,1,4,4,2,6,6,11,5,Leaf
510,0,3,0,0,1,0,0,2,0,2,2,Leaf
511,1,5,0,2,2,0,1,4,3,6,3,Leaf
512,0,2,0,0,2,1,0,2,1,4,3,Leaf
513,2,3,0,1,1,0,1,2,4,4,0,Leaf
514,0,0,0,0,0,0,0,0,0,0,0,Leaf
515,0,1,0,0,2,0,0,2,1,3,2,Leaf
516,0,2,1,1,4,0,2,5,2,14,12,Leaf
517,0,0,0,0,1,0,0,0,0,1,1,Leaf
518,2,2,1,2,2,1,2,2,2,6,4,Leaf
519,2,1,1,0,0,1,0,0,2,1,-1,Leaf
520,0,2,0,0,2,0,1,2,0,4,4,Leaf
521,1,0,0,0,1,0,0,1,2,1,-1,Leaf
522,0,1,0,0,2,0,0,2,0,3,3,Leaf
523,0,1,0,1,1,1,1,1,1,2,1,Leaf
524,2,0,1,1,0,1,0,1,3,4,1,Leaf
525,0,5,0,0,3,1,1,7,2,10,8,Leaf
526,2,0,0,0,2,1,0,3,4,9,5,Leaf
527,1,2,0,2,2,2,1,1,2,4,2,Leaf
528,0,0,0,0,1,0,0,1,0,3,3,Leaf
529,0,5,0,3,4,1,4,7,3,12,9,Leaf
530,1,1,2,2,1,2,1,1,3,2,-1,Leaf
531,1,1,3,2,2,2,2,5,3,3,0,Leaf
532,0,7,0,1,6,2,3,5,6,11,5,Leaf
533,0,2,0,0,1,0,0,1,0,1,1,Leaf
534,0,2,0,1,2,0,1,2,0,3,3,Leaf
535,0,2,0,0,1,0,0,1,1,1,0,Leaf
536,0,2,0,1,2,2,0,8,3,7,4,Leaf
537,0,0,0,0,0,0,0,1,1,0,-1,Leaf
538,0,2,0,0,4,0,0,5,0,5,5,Leaf
539,1,2,0,0,1,0,3,3,4,5,1,Leaf
540,1,3,0,1,3,1,1,5,4,5,1,Leaf
541,0,2,1,0,2,0,1,3,1,3,2,Leaf
542,0,2,0,1,2,0,0,5,4,6,2,Leaf
543,0,1,0,0,1,0,1,0,0,1,1,Leaf
544,0,2,0,0,2,2,0,2,2,2,0,Leaf
545,0,6,2,1,5,1,2,3,3,5,2,Leaf
546,0,2,0,0,1,0,0,2,0,3,3,Leaf
547,1,2,0,2,1,1,1,3,4,3,-1,Leaf
548,0,6,0,1,6,0,1,4,2,10,8,Leaf
549,0,0,0,0,1,0,0,0,0,1,1,Leaf
550,0,0,0,1,0,1,0,0,1,0,-1,Leaf
551,2,2,2,2,2,1,2,2,3,5,2,Leaf
552,1,0,0,0,3,0,0,2,1,4,3,Leaf
553,0,6,0,3,5,4,1,8,7,11,4,Leaf
554,0,1,0,0,4,0,0,3,0,4,4,Leaf
555,0,1,0,0,1,0,0,1,2,2,0,Leaf
556,2,3,1,1,3,2,2,3,3,6,3,Leaf
557,0,1,0,1,0,2,0,0,2,0,-2,Leaf
558,1,0,0,0,3,0,0,2,1,3,2,Leaf
559,0,4,0,0,5,1,1,7,3,9,6,Leaf
560,1,3,1,0,3,1,1,3,2,6,4,Leaf
561,0,4,0,1,3,0,1,1,1,4,3,Leaf
562,5,10,3,6,8,4,5,12,12,24,12,Leaf
563,1,3,0,2,4,3,0,5,3,8,5,Leaf
564,1,3,1,0,5,2,1,3,1,8,7,Leaf
565,0,0,0,0,0,0,1,0,0,1,1,Leaf
566,0,0,0,0,1,0,0,0,0,1,1,Leaf
567,0,0,0,0,1,1,0,2,3,1,-2,Leaf
568,3,0,2,3,0,4,1,3,5,3,-2,Leaf
569,0,1,0,1,2,0,1,3,1,5,4,Leaf
570,0,3,0,0,2,1,1,3,1,4,3,Leaf
571,1,4,1,2,4,1,1,4,2,5,3,Leaf
572,4,6,2,3,3,1,2,6,7,9,2,Leaf
573,0,2,0,0,3,0,1,2,1,4,3,Leaf
574,1,2,0,0,1,0,0,1,2,1,-1,Leaf
575,1,2,0,0,1,2,1,2,2,2,0,Leaf
576,0,3,0,0,2,0,0,2,1,4,3,Leaf
577,0,1,1,1,1,0,0,2,3,1,-2,Leaf
578,0,0,0,0,1,0,0,0,1,1,0,Leaf
579,0,0,1,0,0,1,0,1,1,2,1,Leaf
580,0,4,1,0,3,2,1,4,4,7,3,Leaf
581,1,3,1,1,3,3,1,3,5,4,-1,Leaf
582,0,0,0,0,0,0,0,0,0,0,0,Leaf
583,0,0,0,0,1,0,0,1,1,3,2,Leaf
584,1,1,0,1,0,1,0,0,2,0,-2,Leaf
585,0,1,1,0,3,0,2,2,0,4,4,Leaf
586,1,3,1,1,4,1,2,2,2,7,5,Leaf
587,0,3,0,0,3,1,1,4,0,4,4,Leaf
588,1,2,1,1,3,0,0,3,3,3,0,Leaf
589,1,0,0,0,0,0,0,1,2,0,-2,Leaf
590,1,1,1,1,1,1,0,5,4,7,3,Leaf
591,0,5,0,0,2,0,1,1,0,4,4,Leaf
592,0,1,0,0,2,0,0,2,1,3,2,Leaf
593,0,2,0,0,2,0,0,2,0,3,3,Leaf
594,1,2,1,2,1,1,1,2,1,2,1,Leaf
595,0,3,0,0,2,0,0,2,1,7,6,Leaf
596,0,1,0,0,1,0,0,1,0,3,3,Leaf
597,2,5,2,2,3,1,1,4,5,8,3,Leaf
598,3,3,1,0,2,1,0,3,3,3,0,Leaf
599,1,4,0,0,0,1,1,3,2,5,3,Leaf
600,0,0,0,0,0,0,0,2,1,1,0,Leaf
601,0,4,1,0,2,0,1,5,0,4,4,Leaf
602,0,1,0,0,1,0,1,1,1,2,1,Leaf
603,0,1,0,0,1,0,0,1,0,2,2,Leaf
604,0,0,0,0,0,0,0,1,0,0,0,Leaf
605,0,0,0,0,0,1,0,1,1,0,-1,Leaf
606,0,0,0,0,2,0,1,1,0,2,2,Leaf
607,0,1,0,0,2,0,1,0,0,5,5,Leaf
608,0,0,0,0,2,0,0,1,0,3,3,Leaf
609,1,1,0,0,2,0,0,2,0,3,3,Leaf
610,0,0,0,0,0,0,0,1,0,3,3,Leaf
611,3,3,2,1,3,1,2,1,3,3,0,Leaf
612,1,0,1,2,1,1,1,1,3,1,-2,Leaf
613,1,0,0,0,3,1,0,1,1,3,2,Leaf
614,2,2,1,2,1,2,1,1,3,1,-2,Leaf
615,1,5,0,2,4,1,3,8,7,9,2,Leaf
616,0,2,0,0,1,0,0,2,0,4,4,Leaf
617,0,1,0,0,2,0,1,3,1,4,3,Leaf
618,0,3,0,0,1,0,0,2,2,2,0,Leaf
619,2,0,2,1,1,2,0,1,2,3,1,Leaf
620,0,1,0,0,1,1,0,3,2,3,1,Leaf
621,0,2,0,1,3,0,1,4,1,3,2,Leaf
622,0,3,0,1,2,1,1,2,4,6,2,Leaf
623,0,3,0,1,4,0,1,1,0,7,7,Leaf
624,0,2,0,2,1,1,1,1,2,1,-1,Leaf
625,2,3,0,1,2,2,0,5,3,7,4,Leaf
626,0,2,0,0,1,0,0,2,1,2,1,Leaf
627,0,0,0,0,0,0,0,0,0,1,1,Leaf
628,0,0,1,0,1,0,1,2,1,1,0,Leaf
629,0,1,0,0,1,0,0,2,1,5,4,Leaf
630,0,2,0,0,3,0,1,2,1,5,4,Leaf
631,1,2,0,1,4,2,0,4,4,7,3,Leaf
632,0,1,0,0,1,0,0,1,0,1,1,Leaf
633,0,1,0,0,2,0,0,1,0,4,4,Leaf
634,0,1,0,0,1,0,0,2,0,3,3,Leaf
635,1,2,1,2,4,3,3,7,8,17,9,Leaf
636,0,0,0,0,1,1,0,2,1,3,2,Leaf
637,0,2,0,0,2,1,0,2,1,2,1,Leaf
638,0,1,0,1,1,2,0,2,3,3,0,Leaf
639,0,2,0,1,2,0,2,2,2,3,1,Leaf
640,0,1,0,0,0,0,0,1,0,1,1,Leaf
641,3,2,2,0,1,3,0,1,4,3,-1,Leaf
642,0,1,0,0,2,2,1,6,3,8,5,Leaf
643,0,0,0,0,0,0,0,2,1,1,0,Leaf
644,0,1,0,0,1,0,0,1,1,2,1,Leaf
645,2,9,1,4,4,4,2,4,9,12,3,Leaf
646,0,1,0,0,4,0,0,2,0,5,5,Leaf
647,0,3,0,1,2,1,1,3,2,4,2,Leaf
648,1,2,0,2,2,0,2,3,3,8,5,Leaf
649,0,5,0,0,4,0,0,7,2,7,5,Leaf
650,0,4,0,0,5,0,2,5,2,8,6,Leaf
651,0,0,0,0,1,0,1,0,0,1,1,Leaf
652,0,0,0,0,1,0,0,1,1,1,0,Leaf
653,1,2,0,0,1,0,0,1,1,1,0,Leaf
654,0,3,0,0,3,0,1,2,1,7,6,Leaf
655,0,5,0,0,3,1,1,3,1,6,5,Leaf
656,2,2,0,1,2,1,1,2,2,3,1,Leaf
657,0,0,0,0,1,0,0,3,1,4,3,Leaf
658,1,6,0,0,5,0,3,3,2,6,4,Leaf
659,0,0,0,0,2,0,0,0,0,3,3,Leaf
660,6,6,3,2,4,5,1,4,13,11,-2,Leaf
661,1,1,0,0,0,0,0,0,2,0,-2,Leaf
662,0,2,0,0,2,1,0,1,2,2,0,Leaf
663,1,1,0,1,2,0,0,1,1,6,5,Leaf
664,0,1,0,0,2,0,0,4,1,4,3,Leaf
665,0,5,2,2,4,0,4,6,2,7,5,Leaf
666,0,0,0,0,0,0,0,1,0,1,1,Leaf
667,0,2,0,0,0,0,0,1,1,2,1,Leaf
668,0,1,0,0,2,0,0,1,0,3,3,Leaf
669,1,4,1,0,5,2,0,8,3,12,9,Leaf
670,0,1,0,1,1,1,1,2,1,2,1,Leaf
671,0,1,0,0,1,0,0,1,0,1,1,Leaf
672,0,0,0,0,1,0,1,0,0,1,1,Leaf
673,0,1,0,0,2,1,1,2,2,3,1,Leaf
674,0,0,0,0,0,0,0,0,0,0,0,Leaf
675,0,4,0,2,4,1,1,8,3,10,7,Leaf
676,0,1,0,0,1,0,1,3,2,4,2,Leaf
677,1,6,0,1,3,0,1,3,4,5,1,Leaf
678,0,2,0,0,2,0,0,2,0,2,2,Leaf
679,0,0,0,0,0,1,0,0,1,1,0,Leaf
680,1,2,0,0,2,0,0,1,1,2,1,Leaf
681,0,1,1,0,1,0,0,0,1,1,0,Leaf
682,1,2,0,0,0,0,0,2,3,2,-1,Leaf
683,1,2,0,0,2,0,2,3,2,5,3,Leaf
684,1,2,1,1,3,2,2,5,3,10,7,Leaf
685,0,1,2,0,1,2,1,2,3,3,0,Leaf
686,0,1,0,0,2,0,0,3,1,4,3,Leaf
687,0,0,0,0,2,0,0,2,1,2,1,Leaf
688,1,3,1,0,1,2,1,2,3,2,-1,Leaf
689,0,0,0,0,1,1,0,1,1,2,1,Leaf
690,0,1,0,0,0,0,0,1,1,1,0,Leaf
691,1,1,1,0,2,1,0,1,1,2,1,Leaf
692,0,0,0,0,1,0,0,0,1,1,0,Leaf
693,0,0,0,0,1,0,0,1,1,1,0,Leaf
694,0,1,0,1,1,1,0,2,1,2,1,Leaf
695,0,2,0,0,2,0,0,3,0,4,4,Leaf
696,0,0,0,0,0,0,0,0,0,1,1,Leaf
697,3,0,0,4,1,3,0,2,6,3,-3,Leaf
698,0,1,0,0,2,0,0,2,1,4,3,Leaf
699,0,0,0,0,0,0,0,1,0,1,1,Leaf
700,0,1,0,0,2,0,0,1,1,2,1,Leaf
701,0,0,0,0,0,0,0,0,0,1,1,Leaf
702,0,3,0,0,1,2,1,2,4,1,-3,Leaf
703,1,3,1,1,2,1,2,2,2,3,1,Leaf
704,4,2,2,1,3,3,2,3,7,3,-4,Leaf
705,0,0,0,0,0,0,0,0,0,0,0,Leaf
706,0,1,0,0,1,0,0,2,0,2,2,Leaf
707,0,1,0,1,2,0,1,1,1,2,1,Leaf
708,2,3,2,2,2,3,1,2,5,4,-1,Leaf
709,0,0,0,1,1,0,1,0,2,4,2,Leaf
710,0,1,0,0,1,0,0,2,1,1,0,Leaf
711,1,3,0,0,1,2,1,2,3,1,-2,Leaf
712,2,1,1,1,0,0,0,0,2,1,-1,Leaf
713,0,1,0,0,1,0,1,1,0,1,1,Leaf
714,1,1,0,2,1,1,0,2,1,2,1,Leaf
715,1,2,1,1,1,1,0,1,1,1,0,Leaf
716,0,3,0,0,2,1,1,3,0,3,3,Leaf
717,0,0,0,0,1,0,0,1,0,2,2,Leaf
718,0,2,0,0,1,0,0,1,0,1,1,Leaf
719,1,1,0,1,1,2,0,2,3,1,-2,Leaf
720,4,6,3,1,1,2,1,2,7,3,-4,Leaf
721,2,2,0,3,2,4,3,3,5,10,5,Leaf
722,0,5,0,0,4,0,0,2,0,6,6,Leaf
723,1,0,0,1,0,1,0,0,2,1,-1,Leaf
724,3,3,3,1,2,5,2,3,7,4,-3,Leaf
725,1,1,1,0,1,1,1,3,2,1,-1,Leaf
726,0,0,0,0,1,2,0,2,2,1,-1,Leaf
727,0,0,0,0,1,0,1,1,1,3,2,Leaf
728,0,1,0,0,1,0,0,0,0,2,2,Leaf
729,1,4,1,0,1,0,1,1,2,2,0,Leaf
730,0,0,0,0,1,2,0,0,2,1,-1,Leaf
731,0,0,0,0,1,0,0,1,0,2,2,Leaf
732,0,0,0,0,0,0,0,0,0,0,0,Leaf
733,2,1,0,0,2,2,1,2,3,2,-1,Leaf
734,1,2,1,1,2,1,2,2,2,4,2,Leaf
735,0,0,0,0,1,0,0,0,0,1,1,Leaf
736,0,3,2,0,2,0,2,2,3,5,2,Leaf
737,1,0,1,1,0,0,0,0,1,0,-1,Leaf
738,1,1,0,1,0,1,0,0,3,0,-3,Leaf
739,1,0,1,0,0,3,0,2,5,1,-4,Leaf
740,0,2,0,1,0,4,0,3,4,4,0,Leaf
741,1,0,1,0,0,1,0,0,1,1,0,Leaf
742,1,0,0,1,0,0,0,1,1,2,1,Leaf
743,1,1,1,0,0,0,0,0,1,1,0,Leaf
744,4,12,3,6,8,6,6,12,12,22,10,Leaf
745,0,0,0,0,1,0,0,0,2,1,-1,Leaf
746,3,0,1,0,0,1,0,0,4,2,-2,Leaf
747,0,0,0,1,1,1,0,0,2,1,-1,Leaf
748,0,0,0,0,0,0,0,0,1,1,0,Leaf
749,3,2,1,0,1,0,1,2,2,2,0,Leaf
750,0,0,0,0,0,0,0,0,0,0,0,Leaf
751,1,1,0,0,0,0,0,0,1,1,0,Leaf
752,0,0,0,0,1,0,0,0,0,2,2,Leaf
753,1,1,0,2,0,1,0,1,3,2,-1,Leaf
754,0,0,0,0,1,0,0,0,1,3,2,Leaf
755,0,0,0,0,0,0,0,0,1,0,-1,Leaf
756,0,0,0,1,0,1,0,0,1,0,-1,Leaf
757,0,3,0,0,2,0,0,2,1,4,3,Leaf
758,1,0,1,0,0,1,0,0,1,0,-1,Leaf
759,0,1,1,1,0,0,0,0,1,0,-1,Leaf
760,4,7,4,4,5,8,2,5,9,15,6,Leaf
761,0,0,0,1,0,1,0,0,1,0,-1,Leaf
762,0,0,0,0,1,0,0,1,0,1,1,Leaf
763,0,0,0,0,0,0,0,0,0,0,0,Leaf
764,1,0,1,0,0,1,0,0,1,0,-1,Leaf
765,0,2,0,0,1,0,0,2,0,2,2,Leaf
766,2,0,1,1,0,0,0,0,2,2,0,Leaf
767,1,1,1,1,1,2,1,2,2,3,1,Leaf
768,2,2,3,2,2,1,2,2,3,2,-1,Leaf
769,0,0,0,1,0,0,0,1,0,1,1,Leaf
770,0,1,0,0,0,0,0,0,0,0,0,Leaf
771,0,2,0,0,0,0,0,0,0,0,0,Leaf
772,1,2,0,0,3,1,1,3,2,6,4,Leaf
773,0,2,2,0,2,0,1,3,1,8,7,Leaf
774,0,0,0,0,0,0,0,0,0,0,0,Leaf
775,0,0,0,1,0,1,0,0,1,0,-1,Leaf
776,0,0,0,0,0,0,0,0,0,0,0,Leaf
777,1,1,0,1,0,2,0,1,4,0,-4,Leaf
778,0,0,0,1,0,0,0,0,0,0,0,Leaf
779,0,1,0,0,0,0,0,0,0,0,0,Leaf
780,0,0,0,1,0,1,0,1,1,1,0,Leaf
781,0,0,0,0,0,0,0,0,0,2,2,Leaf
782,2,5,2,3,4,2,2,6,4,7,3,Leaf
783,0,1,0,0,1,0,1,2,0,3,3,Leaf
784,5,7,3,2,3,5,1,6,11,12,1,Leaf
785,0,0,0,0,0,0,0,2,1,1,0,Leaf
786,0,2,0,0,1,0,1,1,0,1,1,Leaf
787,0,3,0,0,0,0,0,2,1,3,2,Leaf
788,0,1,0,0,0,0,0,0,0,1,1,Leaf
789,0,1,0,0,0,1,0,1,1,1,0,Leaf
790,0,1,0,0,1,0,0,1,0,2,2,Leaf
791,1,4,0,0,3,0,1,3,0,4,4,Leaf
792,0,2,0,0,2,0,1,1,0,2,2,Leaf
793,0,0,0,0,0,0,0,0,0,1,1,Leaf
794,3,2,1,1,2,2,1,5,4,6,2,Leaf
795,0,0,0,0,0,0,0,0,0,1,1,Leaf
796,1,1,1,1,0,0,0,0,1,0,-1,Leaf
797,1,1,1,0,1,0,1,1,1,1,0,Leaf
798,1,0,1,1,0,0,0,0,1,0,-1,Leaf
799,1,1,1,1,0,2,0,1,3,1,-2,Leaf
800,0,0,0,0,0,0,0,0,0,0,0,Leaf
801,0,0,2,0,0,1,0,0,4,0,-4,Leaf
802,0,0,0,0,0,0,0,0,1,2,1,Leaf
803,0,0,0,0,1,0,0,1,0,2,2,Leaf
804,0,2,0,0,3,0,2,0,1,4,3,Leaf
805,1,1,0,0,1,0,0,0,1,2,1,Leaf
806,0,0,0,0,0,0,0,0,1,0,-1,Leaf
807,2,2,2,1,2,2,1,4,2,4,2,Leaf
808,2,1,1,2,1,3,1,0,3,2,-1,Leaf
809,0,1,0,0,0,0,0,0,1,1,0,Leaf
810,0,0,0,0,0,0,0,0,0,0,0,Leaf
811,0,0,0,0,0,0,0,1,1,0,-1,Leaf
812,3,1,0,4,1,3,1,0,5,1,-4,Leaf
813,1,1,1,0,1,1,1,1,1,1,0,Leaf
814,1,1,2,2,1,3,0,1,4,2,-2,Leaf
815,0,0,0,0,0,1,0,0,1,0,-1,Leaf
816,0,5,1,0,2,1,1,5,2,8,6,Leaf
817,0,0,0,0,0,0,0,0,0,0,0,Leaf
818,3,12,3,6,6,7,1,10,16,21,5,Leaf
819,3,2,0,2,2,1,1,1,3,6,3,Leaf
820,2,8,0,2,6,2,3,9,7,14,7,Leaf
821,1,2,0,2,4,2,3,3,4,8,4,Leaf
822,2,3,0,1,4,1,1,2,4,7,3,Leaf
823,1,5,0,0,4,1,2,5,3,10,7,Leaf
824,3,6,2,3,3,3,3,7,8,14,6,Leaf
825,0,7,0,0,3,1,1,4,4,8,4,Leaf
826,0,2,0,1,3,1,0,3,2,5,3,Leaf
827,1,2,0,1,1,1,2,2,3,6,3,Leaf
828,0,7,0,0,6,1,1,8,3,11,8,Leaf
829,1,0,0,1,1,2,1,1,4,2,-2,Leaf
830,0,0,0,1,2,0,0,4,2,5,3,Leaf
831,1,8,2,1,6,2,0,6,5,11,6,Leaf
832,1,4,2,0,4,2,1,2,4,5,1,Leaf
833,0,7,0,1,5,0,1,6,3,16,13,Leaf
834,2,5,1,1,3,2,3,5,6,8,2,Leaf
835,0,1,0,0,5,0,1,6,2,9,7,Leaf
836,0,5,0,0,3,0,0,4,1,7,6,Leaf
837,0,9,0,3,10,2,5,15,8,22,14,Leaf
838,0,3,0,2,3,0,1,4,4,6,2,Leaf
839,0,3,0,0,2,1,0,4,2,4,2,Leaf
840,1,3,0,1,3,2,0,4,4,8,4,Leaf
841,0,1,1,0,1,1,0,1,2,3,1,Leaf
842,0,7,0,0,5,0,1,6,2,14,12,Leaf
843,0,4,0,0,3,0,1,3,2,5,3,Leaf
844,0,4,0,1,3,0,3,2,3,6,3,Leaf
845,1,1,1,3,3,3,0,4,5,5,0,Leaf
846,3,4,2,2,5,3,3,6,5,15,10,Leaf
847,1,9,1,3,10,2,6,11,6,22,16,Leaf
848,1,2,0,1,2,2,0,2,4,3,-1,Leaf
849,1,5,0,2,3,1,0,3,4,4,0,Leaf
850,0,8,2,5,4,2,3,10,7,11,4,Leaf
851,0,2,0,2,2,1,2,4,3,6,3,Leaf
852,0,4,0,1,3,0,1,4,3,4,1,Leaf
853,0,2,0,0,2,0,0,5,1,7,6,Leaf
854,1,0,0,3,1,3,1,3,8,5,-3,Leaf
855,2,4,1,3,3,2,3,5,3,6,3,Leaf
856,0,3,1,2,6,3,1,7,5,9,4,Leaf
857,0,3,0,0,4,0,1,6,2,6,4,Leaf
858,3,3,0,1,3,0,2,4,6,7,1,Leaf
859,1,3,1,0,4,0,2,5,2,9,7,Leaf
860,0,2,0,1,2,1,2,3,2,3,1,Leaf
861,2,5,0,2,4,2,1,5,2,7,5,Leaf
862,1,5,0,2,3,3,2,4,7,5,-2,Leaf
863,2,8,0,4,3,1,1,5,7,7,0,Leaf
864,0,4,0,0,6,1,2,8,2,11,9,Leaf
865,0,4,1,0,4,2,1,4,4,9,5,Leaf
866,0,2,0,0,4,0,1,4,2,11,9,Leaf
867,0,2,0,0,3,0,1,4,1,7,6,Leaf
868,0,2,0,1,1,0,2,1,2,2,0,Leaf
869,0,7,1,1,7,3,5,8,5,9,4,Leaf
870,0,3,1,3,3,2,0,5,3,7,4,Leaf
871,0,3,1,0,4,1,1,3,1,6,5,Leaf
872,1,2,0,1,1,1,0,2,3,5,2,Leaf
873,1,3,0,0,4,1,2,4,3,7,4,Leaf
874,2,4,1,2,2,2,3,3,5,10,5,Leaf
875,0,1,0,0,4,1,0,2,1,4,3,Leaf
876,1,2,1,1,4,0,1,4,4,7,3,Leaf
877,1,4,0,1,3,2,2,6,5,7,2,Leaf
878,0,5,0,0,2,1,1,3,2,6,4,Leaf
879,0,5,0,0,4,1,2,6,1,7,6,Leaf
880,3,3,4,2,3,9,4,4,11,3,-8,Leaf
881,0,2,0,0,2,0,1,6,1,9,8,Leaf
882,0,5,0,0,6,1,2,6,3,9,6,Leaf
883,0,3,0,1,2,1,1,0,1,4,3,Leaf
884,0,3,0,1,4,1,2,4,1,8,7,Leaf
885,0,2,0,0,4,0,0,4,2,6,4,Leaf
886,3,6,2,2,6,4,2,7,7,15,8,Leaf
887,1,2,0,2,5,4,2,7,8,9,1,Leaf
888,0,2,0,1,1,1,1,2,2,5,3,Leaf
889,1,6,0,0,4,0,0,7,3,11,8,Leaf
890,0,5,0,2,6,2,2,7,5,10,5,Leaf
891,2,3,1,1,4,0,2,6,3,7,4,Leaf
892,0,5,1,0,5,0,3,7,2,10,8,Leaf
893,1,6,0,3,6,0,4,4,3,10,7,Leaf
894,0,3,2,0,3,2,0,5,2,6,4,Leaf
895,1,3,1,2,1,2,0,2,4,2,-2,Leaf
896,0,3,0,0,4,0,1,6,2,6,4,Leaf
897,0,1,1,0,3,0,0,1,3,3,0,Leaf
898,1,10,1,5,6,5,5,9,8,17,9,Leaf
899,1,3,0,0,3,1,2,4,1,5,4,Leaf
900,1,4,1,1,4,1,2,5,2,5,3,Leaf
901,1,5,2,0,6,1,1,7,2,9,7,Leaf
902,0,2,0,0,6,1,2,4,2,7,5,Leaf
903,0,3,0,0,2,0,0,3,1,4,3,Leaf
904,0,5,0,0,3,0,2,5,2,8,6,Leaf
905,0,4,1,0,3,0,1,2,0,4,4,Leaf
906,1,3,0,0,3,2,1,4,5,11,6,Leaf
907,0,0,0,0,1,0,0,2,0,2,2,Leaf
908,6,5,2,5,2,2,2,3,5,7,2,Leaf
909,0,5,1,3,2,2,1,3,3,4,1,Leaf
910,3,4,2,0,4,1,1,6,3,14,11,Leaf
911,0,3,0,0,6,1,2,6,2,6,4,Leaf
912,2,2,1,2,5,6,1,7,9,8,-1,Leaf
913,0,2,0,0,2,0,0,1,0,4,4,Leaf
914,0,3,0,2,5,0,5,3,4,8,4,Leaf
915,0,0,0,0,1,0,0,1,3,2,-1,Leaf
916,0,10,0,6,7,3,3,9,7,14,7,Leaf
917,0,3,0,2,2,2,1,1,3,5,2,Leaf
918,0,4,0,0,3,0,2,1,1,4,3,Leaf
919,4,10,1,7,7,5,4,6,12,12,0,Leaf
920,3,6,2,2,3,2,3,5,4,9,5,Leaf
921,0,3,0,0,3,0,0,3,1,5,4,Leaf
922,0,2,0,0,3,1,1,2,3,6,3,Leaf
923,1,1,1,2,2,1,1,2,1,5,4,Leaf
924,0,1,0,0,3,0,0,1,1,4,3,Leaf
925,0,1,0,0,3,0,0,2,0,7,7,Leaf
926,1,1,2,0,2,3,2,2,2,5,3,Leaf
927,0,3,0,0,4,1,4,3,2,8,6,Leaf
928,0,1,0,0,2,0,0,1,0,3,3,Leaf
929,0,1,0,0,1,0,0,2,1,2,1,Leaf
930,0,2,0,0,4,0,2,2,2,5,3,Leaf
931,1,1,0,1,1,1,0,2,1,3,2,Leaf
932,0,2,1,1,3,1,2,2,2,6,4,Leaf
933,0,2,0,2,2,0,1,3,2,3,1,Leaf
934,1,2,0,0,2,0,1,2,2,3,1,Leaf
935,2,3,1,2,2,5,2,6,8,7,-1,Leaf
936,1,3,0,3,2,3,0,1,5,2,-3,Leaf
937,2,3,1,5,1,3,2,2,9,4,-5,Leaf
938,1,0,0,0,2,1,0,2,3,4,1,Leaf
939,1,3,0,1,4,2,1,5,2,6,4,Leaf
940,0,3,0,0,3,0,0,1,2,5,3,Leaf
941,1,1,0,1,3,2,0,2,5,3,-2,Leaf
942,1,2,0,0,0,0,0,3,2,1,-1,Leaf
943,1,8,0,2,6,0,3,8,7,15,8,Leaf
944,1,3,1,1,4,3,1,4,3,9,6,Leaf
945,0,3,0,1,3,0,1,3,2,6,4,Leaf
946,1,0,1,0,2,2,1,3,2,4,2,Leaf
947,0,3,0,0,2,0,1,4,1,4,3,Leaf
948,0,1,0,0,3,0,0,0,0,3,3,Leaf
949,0,2,0,1,2,0,0,2,1,2,1,Leaf
950,0,4,0,0,4,1,1,6,1,7,6,Leaf
951,3,3,2,5,3,2,1,3,6,8,2,Leaf
952,0,3,0,1,5,0,0,6,1,7,6,Leaf
953,0,0,0,0,1,0,0,0,0,4,4,Leaf
954,0,1,1,0,2,1,0,1,0,4,4,Leaf
955,0,2,0,1,4,0,1,4,0,6,6,Leaf
956,1,7,0,1,6,3,2,5,3,11,8,Leaf
957,0,0,0,0,1,0,0,0,0,2,2,Leaf
958,2,11,2,3,8,4,6,10,8,17,9,Leaf
959,0,3,0,0,3,0,0,1,0,3,3,Leaf
960,0,4,0,1,5,1,1,4,0,7,7,Leaf
961,1,6,0,1,4,1,2,7,3,10,7,Leaf
962,0,4,0,1,2,0,1,1,1,3,2,Leaf
963,2,2,0,2,2,0,1,3,3,6,3,Leaf
964,0,4,0,0,6,1,4,3,1,8,7,Leaf
965,0,2,0,0,4,1,0,8,2,8,6,Leaf
966,2,9,1,2,7,4,4,9,8,14,6,Leaf
967,0,3,0,1,2,0,0,2,2,4,2,Leaf
968,0,2,0,1,3,2,2,2,2,3,1,Leaf
969,0,1,0,0,1,0,1,3,2,4,2,Leaf
970,0,0,0,0,1,0,0,1,1,2,1,Leaf
971,0,0,0,1,1,1,1,1,3,1,-2,Leaf
972,0,2,0,0,3,2,2,4,4,5,1,Leaf
973,0,3,0,1,4,1,1,5,2,7,5,Leaf
974,2,0,2,0,0,1,0,4,3,6,3,Leaf
975,5,11,3,2,9,3,3,13,12,22,10,Leaf
976,2,2,1,0,2,2,2,2,8,4,-4,Leaf
977,0,0,0,0,1,0,0,0,0,2,2,Leaf
978,1,1,1,0,3,0,0,1,2,4,2,Leaf
979,1,3,1,3,2,1,0,3,5,5,0,Leaf
980,5,5,2,8,1,4,1,9,11,14,3,Leaf
981,1,6,0,0,5,0,1,4,1,6,5,Leaf
982,0,3,0,0,3,0,1,2,0,3,3,Leaf
983,0,4,0,1,6,0,1,5,0,14,14,Leaf
984,0,1,0,0,4,0,0,5,1,5,4,Leaf
985,0,1,0,0,3,1,1,2,1,4,3,Leaf
986,2,3,2,3,2,4,2,6,6,9,3,Leaf
987,2,7,0,3,2,3,1,5,10,6,-4,Leaf
988,0,1,0,0,2,0,0,1,1,5,4,Leaf
989,1,3,1,1,5,1,3,3,2,6,4,Leaf
990,0,3,0,0,4,0,1,2,2,5,3,Leaf
991,1,0,1,1,1,1,0,1,4,2,-2,Leaf
992,0,2,1,0,2,0,2,4,1,4,3,Leaf
993,3,3,1,3,2,4,2,2,5,4,-1,Leaf
994,2,3,3,1,3,5,2,4,6,8,2,Leaf
995,1,4,0,2,3,3,0,5,6,12,6,Leaf
996,1,4,0,1,3,2,1,7,5,8,3,Leaf
997,0,3,0,1,3,0,2,5,3,7,4,Leaf
998,2,6,1,2,2,4,3,5,6,3,-3,Leaf
999,0,1,1,0,1,2,0,1,4,4,0,Leaf
1000,0,2,0,0,1,1,0,1,2,3,1,Leaf
1001,1,5,0,3,2,1,2,4,5,7,2,Leaf
1002,0,1,0,0,3,0,0,1,2,5,3,Leaf
1003,0,1,0,0,1,0,0,1,0,3,3,Leaf
1004,3,6,1,1,3,1,3,5,7,11,4,Leaf
1005,3,1,2,2,2,4,0,2,3,5,2,Leaf
1006,0,3,1,1,3,1,0,3,5,8,3,Leaf
1007,0,0,0,0,2,0,1,1,0,3,3,Leaf
1008,0,0,0,0,2,0,0,1,1,2,1,Leaf
1009,1,3,0,1,4,1,2,1,2,4,2,Leaf
1010,1,1,0,1,1,1,0,2,2,1,-1,Leaf
1011,0,1,1,0,1,2,0,0,2,2,0,Leaf
1012,0,5,1,1,5,2,2,3,3,8,5,Leaf
1013,0,0,0,0,1,0,0,1,0,2,2,Leaf
1014,0,5,1,2,4,0,1,6,3,7,4,Leaf
1015,0,0,0,1,1,0,1,1,3,1,-2,Leaf
1016,1,4,0,1,5,1,1,6,2,6,4,Leaf
1017,0,4,0,0,2,0,0,2,1,4,3,Leaf
1018,1,1,0,0,4,0,0,6,3,7,4,Leaf
1019,0,0,0,0,1,1,0,1,2,2,0,Leaf
1020,0,1,0,0,4,0,1,2,0,6,6,Leaf
1021,1,1,0,1,1,0,0,0,2,2,0,Leaf
1022,0,2,0,0,3,0,0,2,0,5,5,Leaf
1023,1,2,2,1,2,1,1,2,1,2,1,Leaf
1024,0,0,0,1,1,1,0,0,4,6,2,Leaf
1025,1,5,1,1,6,0,2,5,2,7,5,Leaf
1026,1,1,0,1,1,0,0,0,1,3,2,Leaf
1027,0,0,0,0,1,0,1,0,0,1,1,Leaf
1028,0,1,0,0,3,1,1,3,2,6,4,Leaf
1029,1,3,1,0,2,1,3,1,1,3,2,Leaf
1030,0,4,0,2,5,1,2,6,3,9,6,Leaf
1031,0,0,0,0,2,0,0,1,0,5,5,Leaf
1032,0,1,0,0,2,0,0,2,1,3,2,Leaf
1033,0,0,0,0,1,1,0,0,1,1,0,Leaf
1034,1,5,0,1,2,1,1,6,3,5,2,Leaf
1035,0,2,0,0,2,0,1,3,0,7,7,Leaf
1036,2,0,2,2,1,2,0,0,6,1,-5,Leaf
1037,1,3,1,1,2,1,2,5,6,6,0,Leaf
1038,5,6,2,4,5,2,1,11,9,20,11,Leaf
1039,0,2,1,1,2,0,0,4,2,4,2,Leaf
1040,0,0,0,0,1,0,0,1,1,3,2,Leaf
1041,0,1,0,1,2,0,1,2,2,2,0,Leaf
1042,0,1,0,0,3,0,0,3,1,3,2,Leaf
1043,0,1,0,0,2,1,2,0,1,1,0,Leaf
1044,0,2,1,0,4,0,1,3,0,5,5,Leaf
1045,0,0,0,0,1,0,0,0,0,1,1,Leaf
1046,1,3,0,1,2,2,1,2,2,2,0,Leaf
1047,0,5,0,0,5,0,2,1,1,7,6,Leaf
1048,0,1,0,0,3,2,0,6,2,7,5,Leaf
1049,0,2,0,1,2,1,0,3,1,2,1,Leaf
1050,0,4,0,1,4,0,3,4,2,8,6,Leaf
1051,0,1,0,0,1,0,0,1,1,2,1,Leaf
1052,1,1,0,0,2,0,1,3,1,3,2,Leaf
1053,1,1,0,1,2,2,0,2,4,4,0,Leaf
1054,0,3,0,1,1,2,1,2,3,2,-1,Leaf
1055,3,6,2,3,10,3,4,7,7,12,5,Leaf
1056,0,6,0,0,5,1,1,5,2,7,5,Leaf
1057,0,2,0,1,2,0,0,1,1,3,2,Leaf
1058,1,1,0,1,1,1,0,2,1,2,1,Leaf
1059,0,2,0,0,2,0,0,1,0,2,2,Leaf
1060,0,1,0,1,1,1,1,2,1,3,2,Leaf
1061,0,2,0,0,3,0,0,3,0,6,6,Leaf
1062,0,0,0,0,0,0,0,1,0,1,1,Leaf
1063,0,3,0,0,2,0,0,1,0,2,2,Leaf
1064,2,6,2,2,6,1,4,5,6,10,4,Leaf
1065,0,0,0,0,2,0,0,2,1,4,3,Leaf
1066,0,3,0,0,1,0,1,2,2,5,3,Leaf
1067,0,1,0,0,1,0,0,1,0,1,1,Leaf
1068,1,1,0,0,1,0,0,0,2,3,1,Leaf
1069,2,6,1,0,6,2,3,7,4,9,5,Leaf
1070,0,3,0,0,3,0,1,1,0,3,3,Leaf
1071,1,0,1,1,1,1,0,3,2,1,-1,Leaf
1072,0,2,0,0,4,1,1,3,3,4,1,Leaf
1073,2,7,1,1,6,2,4,7,3,9,6,Leaf
1074,0,2,0,0,3,0,1,2,0,5,5,Leaf
1075,0,2,0,0,1,0,0,1,1,1,0,Leaf
1076,2,1,1,0,3,2,1,1,2,6,4,Leaf
1077,0,2,0,0,2,0,0,3,1,3,2,Leaf
1078,1,3,0,2,3,1,0,4,1,6,5,Leaf
1079,0,0,0,0,1,0,0,0,0,2,2,Leaf
1080,0,0,0,0,0,0,0,1,0,2,2,Leaf
1081,0,1,0,2,1,1,1,2,4,2,-2,Leaf
1082,0,5,1,0,2,1,0,5,2,6,4,Leaf
1083,0,0,0,0,2,0,0,0,0,3,3,Leaf
1084,0,2,0,1,1,1,0,2,2,3,1,Leaf
1085,1,6,1,1,7,1,0,7,1,10,9,Leaf
1086,0,4,0,0,5,0,0,5,2,8,6,Leaf
1087,3,5,1,3,4,2,4,3,5,13,8,Leaf
1088,1,3,0,1,3,2,2,4,6,9,3,Leaf
1089,0,3,1,2,4,1,1,2,1,7,6,Leaf
1090,2,5,1,0,3,1,2,5,3,6,3,Leaf
1091,1,5,1,0,4,0,2,7,2,12,10,Leaf
1092,0,4,0,0,3,0,1,3,0,3,3,Leaf
1093,3,12,5,3,14,8,7,17,13,28,15,Leaf
1094,3,7,1,3,4,2,1,6,6,8,2,Leaf
1095,0,0,0,0,0,0,0,0,0,0,0,Leaf
1096,1,2,1,2,2,1,2,4,2,4,2,Leaf
1097,1,2,0,1,5,0,2,4,1,6,5,Leaf
1098,0,3,0,0,5,0,2,4,1,8,7,Leaf
1099,0,2,1,2,2,2,0,2,3,7,4,Leaf
1100,0,3,0,0,3,1,0,2,1,3,2,Leaf
1101,2,1,1,0,2,1,1,2,3,3,0,Leaf
1102,0,2,0,0,2,0,0,1,0,3,3,Leaf
1103,0,1,0,0,1,0,0,0,1,3,2,Leaf
1104,0,2,0,0,2,0,0,4,1,2,1,Leaf
1105,0,0,0,0,1,0,0,1,1,1,0,Leaf
1106,0,0,0,0,3,0,0,1,0,4,4,Leaf
1107,0,2,0,1,4,3,0,7,4,7,3,Leaf
1108,0,0,0,0,1,0,0,0,0,2,2,Leaf
1109,3,2,0,2,3,3,0,5,6,9,3,Leaf
1110,2,5,2,6,2,4,1,6,11,12,1,Leaf
1111,0,0,0,0,2,0,0,2,0,3,3,Leaf
1112,0,1,0,1,2,0,0,2,0,3,3,Leaf
1113,0,0,0,0,3,0,1,3,1,3,2,Leaf
1114,1,0,0,1,1,0,0,0,1,5,4,Leaf
1115,1,0,0,0,2,1,0,0,1,3,2,Leaf
1116,0,0,0,0,2,0,0,1,0,5,5,Leaf
1117,1,2,0,1,0,1,1,3,5,4,-1,Leaf
1118,0,2,0,1,4,0,1,4,1,11,10,Leaf
1119,0,0,0,0,3,0,0,2,1,4,3,Leaf
1120,1,1,0,1,1,1,0,2,2,2,0,Leaf
1121,0,2,0,0,2,0,1,4,0,5,5,Leaf
1122,1,5,2,2,0,4,1,2,7,12,5,Leaf
1123,0,0,0,0,1,0,0,0,0,1,1,Leaf
1124,1,4,0,1,3,1,0,2,2,6,4,Leaf
1125,2,3,2,3,3,2,2,3,5,7,2,Leaf
1126,0,2,0,1,3,0,1,3,0,5,5,Leaf
1127,0,1,0,0,1,0,0,0,0,1,1,Leaf
1128,3,3,3,3,2,2,3,3,6,6,0,Leaf
1129,0,1,0,0,2,0,1,1,0,3,3,Leaf
1130,0,1,0,0,2,0,1,1,1,6,5,Leaf
1131,1,0,0,1,1,0,0,1,2,2,0,Leaf
1132,1,13,2,6,7,5,4,12,10,17,7,Leaf
1133,0,2,0,0,1,1,0,1,2,1,-1,Leaf
1134,0,1,0,0,1,0,1,2,1,3,2,Leaf
1135,0,2,0,1,2,0,0,2,0,3,3,Leaf
1136,0,1,0,0,2,0,0,1,2,4,2,Leaf
1137,0,0,0,0,1,0,0,0,0,1,1,Leaf
1138,1,7,1,1,6,2,2,7,3,11,8,Leaf
1139,0,0,0,0,0,0,0,1,1,1,0,Leaf
1140,0,0,0,0,1,0,0,0,0,1,1,Leaf
1141,0,2,1,1,2,1,3,5,4,5,1,Leaf
1142,0,2,0,0,1,0,1,1,0,5,5,Leaf
1143,0,1,0,0,1,0,0,1,1,2,1,Leaf
1144,0,2,0,1,1,0,0,1,1,2,1,Leaf
1145,0,4,0,1,4,1,0,4,3,8,5,Leaf
1146,1,2,1,2,2,2,1,2,3,2,-1,Leaf
1147,0,1,0,0,5,0,1,3,1,6,5,Leaf
1148,0,2,0,0,2,0,0,0,0,3,3,Leaf
1149,1,4,2,2,2,1,1,3,6,7,1,Leaf
1150,0,0,0,0,2,0,0,2,0,5,5,Leaf
1151,3,10,4,8,11,7,5,15,9,20,11,Leaf
1152,0,1,0,0,2,0,2,2,0,3,3,Leaf
1153,0,0,0,0,0,0,0,2,1,1,0,Leaf
1154,0,2,0,0,4,0,1,3,0,4,4,Leaf
1155,0,2,0,0,3,1,1,3,1,6,5,Leaf
1156,0,0,1,0,1,1,0,2,0,2,2,Leaf
1157,1,2,0,0,1,1,0,1,2,2,0,Leaf
1158,0,1,0,0,2,0,1,1,0,3,3,Leaf
1159,0,3,0,1,3,1,1,5,2,6,4,Leaf
1160,2,0,1,2,2,0,1,1,3,2,-1,Leaf
1161,0,0,0,0,2,0,1,2,1,3,2,Leaf
1162,1,0,1,1,1,1,1,1,1,3,2,Leaf
1163,0,5,1,2,3,1,2,5,4,5,1,Leaf
1164,2,3,2,1,2,3,0,2,3,2,-1,Leaf
1165,0,0,0,1,3,1,0,1,1,3,2,Leaf
1166,0,7,0,0,5,0,1,1,2,10,8,Leaf
1167,0,0,0,0,1,2,0,0,2,2,0,Leaf
1168,2,6,2,2,4,4,2,6,11,14,3,Leaf
1169,0,0,0,0,2,0,0,0,0,2,2,Leaf
1170,0,0,0,0,1,0,0,0,0,1,1,Leaf
1171,0,1,0,0,2,0,0,1,1,3,2,Leaf
1172,0,2,0,0,3,1,1,3,2,6,4,Leaf
1173,0,0,0,0,1,0,0,0,0,1,1,Leaf
1174,0,4,0,0,4,0,2,0,1,4,3,Leaf
1175,0,1,0,0,3,0,0,2,0,3,3,Leaf
1176,0,2,0,0,3,1,3,4,0,5,5,Leaf
1177,1,2,0,0,2,0,1,3,2,4,2,Leaf
1178,0,2,0,0,2,0,1,1,2,3,1,Leaf
1179,0,0,0,0,2,0,0,0,0,2,2,Leaf
1180,0,1,0,0,0,0,0,3,1,2,1,Leaf
1181,0,2,0,1,2,1,2,3,2,4,2,Leaf
1182,0,2,0,0,4,0,1,2,0,5,5,Leaf
1183,0,0,0,0,1,0,0,1,0,4,4,Leaf
1184,0,1,0,0,1,0,0,1,1,1,0,Leaf
1185,0,1,0,0,1,0,0,3,2,4,2,Leaf
1186,0,0,0,0,0,0,0,1,0,2,2,Leaf
1187,0,3,0,0,2,0,0,2,1,3,2,Leaf
1188,0,2,0,0,2,0,0,2,0,3,3,Leaf
1189,0,0,0,0,1,0,0,1,0,3,3,Leaf
1190,0,2,1,0,3,0,0,3,2,3,1,Leaf
1191,0,1,1,1,0,1,1,3,3,4,1,Leaf
1192,0,0,0,0,1,0,0,0,0,1,1,Leaf
1193,0,1,0,0,1,0,1,3,0,3,3,Leaf
1194,0,1,1,1,4,3,1,4,5,6,1,Leaf
1195,0,3,0,1,2,0,2,2,1,2,1,Leaf
1196,2,0,0,2,0,1,0,1,2,2,0,Leaf
1197,1,4,0,1,3,1,1,2,3,6,3,Leaf
1198,3,6,1,3,4,4,4,6,8,6,-2,Leaf
1199,0,2,0,0,1,0,0,2,1,4,3,Leaf
1200,0,1,0,0,2,0,1,2,1,2,1,Leaf
1201,0,0,0,0,1,0,0,2,2,2,0,Leaf
1202,0,2,0,0,3,1,0,4,2,5,3,Leaf
1203,0,2,0,0,3,0,0,2,1,5,4,Leaf
1204,0,2,0,0,3,0,1,3,0,4,4,Leaf
1205,0,0,0,0,1,1,0,0,1,3,2,Leaf
1206,0,2,0,0,1,0,0,2,0,2,2,Leaf
1207,0,0,0,1,0,0,1,0,1,1,0,Leaf
1208,0,1,0,0,2,0,1,1,1,2,1,Leaf
1209,0,0,0,1,1,1,0,1,1,1,0,Leaf
1210,0,1,1,0,2,1,0,1,1,2,1,Leaf
1211,0,1,0,1,1,2,0,2,3,1,-2,Leaf
1212,1,1,0,2,1,2,1,3,2,3,1,Leaf
1213,1,3,1,0,2,0,1,4,2,3,1,Leaf
1214,0,1,0,0,2,0,0,2,0,6,6,Leaf
1215,0,1,0,2,1,2,1,2,4,4,0,Leaf
1216,2,0,1,3,1,3,0,0,3,1,-2,Leaf
1217,2,4,1,1,4,2,1,2,3,5,2,Leaf
1218,0,2,0,0,1,0,2,2,0,3,3,Leaf
1219,0,1,0,0,1,0,0,0,0,1,1,Leaf
1220,1,5,0,0,4,1,2,4,2,8,6,Leaf
1221,0,2,0,0,1,0,0,0,0,2,2,Leaf
1222,1,2,0,0,2,0,1,2,2,6,4,Leaf
1223,0,2,0,0,1,0,0,2,0,3,3,Leaf
1224,0,0,0,0,3,0,0,3,1,6,5,Leaf
1225,0,2,0,0,1,0,0,3,1,3,2,Leaf
1226,0,2,0,0,2,0,0,2,1,2,1,Leaf
1227,0,0,0,1,0,0,0,0,2,0,-2,Leaf
1228,0,2,0,0,1,0,0,1,0,1,1,Leaf
1229,0,1,1,1,1,0,0,1,3,2,-1,Leaf
1230,0,1,0,0,1,0,0,1,0,2,2,Leaf
1231,0,2,0,1,2,0,3,1,2,7,5,Leaf
1232,0,1,0,0,2,1,1,1,0,2,2,Leaf
1233,1,6,0,0,6,1,4,5,5,13,8,Leaf
1234,1,5,0,0,5,2,2,7,3,8,5,Leaf
1235,0,1,0,0,2,0,1,2,0,3,3,Leaf
1236,0,1,0,0,2,0,0,3,0,5,5,Leaf
1237,1,2,0,0,0,1,0,3,3,7,4,Leaf
1238,0,0,0,0,1,0,1,1,0,3,3,Leaf
1239,0,1,0,0,1,0,0,1,1,1,0,Leaf
1240,0,1,0,0,1,0,0,1,0,2,2,Leaf
1241,1,1,0,0,2,0,0,4,3,5,2,Leaf
1242,0,3,0,0,2,0,1,2,1,4,3,Leaf
1243,0,0,0,0,1,0,0,0,0,1,1,Leaf
1244,0,0,0,0,1,0,0,0,1,1,0,Leaf
1245,2,5,1,2,5,1,1,6,1,10,9,Leaf
1246,0,2,0,0,2,0,0,2,1,2,1,Leaf
1247,0,2,0,0,2,0,1,2,0,2,2,Leaf
1248,0,0,0,0,2,0,0,1,0,2,2,Leaf
1249,0,2,0,0,2,0,0,0,0,5,5,Leaf
1250,1,4,0,1,3,2,1,2,2,4,2,Leaf
1251,0,1,0,0,2,0,1,1,1,3,2,Leaf
1252,0,4,1,0,5,0,2,4,2,6,4,Leaf
1253,0,0,0,0,1,1,0,0,2,2,0,Leaf
1254,0,3,0,1,1,1,0,2,1,4,3,Leaf
1255,1,3,1,2,2,2,2,2,3,2,-1,Leaf
1256,0,2,0,0,3,0,2,1,0,4,4,Leaf
1257,0,1,0,1,0,1,0,1,0,2,2,Leaf
1258,0,1,0,0,1,0,0,1,0,2,2,Leaf
1259,0,1,0,0,1,0,0,1,0,2,2,Leaf
1260,0,1,0,0,2,0,1,0,0,2,2,Leaf
1261,0,1,0,0,2,0,0,2,0,4,4,Leaf
1262,0,0,0,1,2,2,1,2,3,5,2,Leaf
1263,0,3,0,0,4,0,1,2,1,6,5,Leaf
1264,0,2,0,0,2,1,1,3,1,4,3,Leaf
1265,0,0,0,0,1,0,0,0,0,1,1,Leaf
1266,0,0,0,0,1,0,0,0,0,1,1,Leaf
1267,0,1,0,0,2,0,0,2,1,5,4,Leaf
1268,1,1,0,1,0,0,0,4,2,1,-1,Leaf
1269,0,0,0,0,1,0,0,0,0,1,1,Leaf
1270,0,0,0,0,2,0,0,1,0,3,3,Leaf
1271,0,0,0,0,0,0,0,0,0,1,1,Leaf
1272,1,4,2,0,5,0,3,5,2,7,5,Leaf
1273,2,5,0,1,3,2,1,4,2,5,3,Leaf
1274,0,1,0,0,1,0,0,1,0,2,2,Leaf
1275,0,2,0,0,3,0,2,2,0,3,3,Leaf
1276,1,0,1,1,3,1,1,2,3,5,2,Leaf
1277,1,2,1,1,2,1,1,2,1,3,2,Leaf
1278,1,0,1,1,1,1,0,0,2,4,2,Leaf
1279,0,1,0,0,1,0,0,2,0,3,3,Leaf
1280,0,1,0,0,2,1,1,1,1,2,1,Leaf
1281,0,0,0,0,0,0,0,2,0,2,2,Leaf
1282,0,1,0,0,2,0,1,2,0,3,3,Leaf
1283,0,0,0,0,2,0,0,1,1,3,2,Leaf
1284,0,1,0,0,2,0,1,2,1,3,2,Leaf
1285,0,0,0,1,0,1,1,2,2,4,2,Leaf
1286,0,2,1,0,1,1,1,0,0,2,2,Leaf
1287,0,1,0,0,3,0,0,1,0,3,3,Leaf
1288,0,1,0,1,3,1,1,2,2,3,1,Leaf
1289,1,1,0,1,3,2,1,3,2,4,2,Leaf
1290,0,1,0,0,0,0,0,0,0,0,0,Leaf
1291,0,0,0,0,4,0,1,3,0,4,4,Leaf
1292,0,3,0,1,3,1,3,3,1,7,6,Leaf
1293,0,1,0,0,2,0,0,2,0,4,4,Leaf
1294,0,0,0,0,1,0,0,0,1,1,0,Leaf
1295,0,0,0,0,1,0,0,1,0,3,3,Leaf
1296,0,1,0,0,1,0,0,3,1,3,2,Leaf
1297,0,0,0,0,1,0,0,0,0,1,1,Leaf
1298,0,1,0,0,2,0,1,1,0,2,2,Leaf
1299,0,2,0,1,1,0,0,1,1,1,0,Leaf
1300,0,4,0,0,4,0,0,4,0,6,6,Leaf
1301,0,2,0,0,1,0,0,1,0,1,1,Leaf
1302,0,1,0,0,1,0,0,0,0,1,1,Leaf
1303,0,2,0,0,2,0,0,1,2,2,0,Leaf
1304,0,0,0,0,1,0,0,2,1,1,0,Leaf
1305,0,0,0,0,3,0,1,3,2,4,2,Leaf
1306,0,0,0,0,1,0,0,0,0,1,1,Leaf
1307,0,2,0,0,2,0,0,2,1,2,1,Leaf
1308,0,1,0,2,2,0,1,2,2,3,1,Leaf
1309,0,1,0,0,2,0,1,1,0,4,4,Leaf
1310,1,1,0,0,1,1,0,1,3,1,-2,Leaf
1311,0,1,0,1,5,1,1,4,2,9,7,Leaf
1312,0,0,0,1,0,2,1,0,2,0,-2,Leaf
1313,0,1,0,0,2,0,1,3,1,3,2,Leaf
1314,1,1,1,1,0,3,0,1,4,1,-3,Leaf
1315,0,1,0,0,0,1,0,1,3,1,-2,Leaf
1316,0,1,0,0,0,0,0,0,0,1,1,Leaf
1317,0,1,0,0,1,1,0,2,1,4,3,Leaf
1318,0,1,0,1,2,0,0,5,2,4,2,Leaf
1319,0,1,0,0,1,0,0,0,0,1,1,Leaf
1320,0,0,2,1,0,1,1,1,3,3,0,Leaf
1321,1,2,0,1,2,0,0,1,1,3,2,Leaf
1322,0,0,0,0,0,0,0,0,0,1,1,Leaf
1323,0,0,0,1,1,0,0,0,0,3,3,Leaf
1324,0,0,0,0,1,0,0,2,0,2,2,Leaf
1325,0,0,0,0,0,0,1,0,0,0,0,Leaf
1326,0,1,0,0,1,0,0,2,1,3,2,Leaf
1327,0,1,1,0,1,0,0,1,2,1,-1,Leaf
1328,1,3,1,1,2,1,2,1,1,3,2,Leaf
1329,0,0,0,0,0,0,0,0,0,0,0,Leaf
1330,0,0,0,0,1,0,0,1,0,2,2,Leaf
1331,0,0,0,1,1,0,1,2,2,2,0,Leaf
1332,0,1,0,1,0,0,1,0,1,4,3,Leaf
1333,0,0,0,0,1,0,0,1,1,1,0,Leaf
1334,0,3,0,1,3,1,1,4,2,4,2,Leaf
1335,0,0,0,1,0,0,0,1,1,4,3,Leaf
1336,0,1,0,0,1,0,0,0,1,1,0,Leaf
1337,0,4,0,0,5,1,3,5,2,8,6,Leaf
1338,0,0,0,0,2,0,0,2,2,5,3,Leaf
1339,2,3,0,1,4,0,0,3,3,5,2,Leaf
1340,0,1,0,0,2,0,0,1,2,2,0,Leaf
1341,0,2,0,0,3,0,2,6,2,5,3,Leaf
1342,0,4,0,0,2,0,1,3,3,3,0,Leaf
1343,0,0,0,0,0,0,0,2,1,1,0,Leaf
1344,0,1,0,0,2,0,0,1,0,2,2,Leaf
1345,1,1,1,0,0,2,0,3,3,3,0,Leaf
1346,0,1,0,0,1,0,0,4,1,3,2,Leaf
1347,0,2,0,0,1,1,0,2,2,3,1,Leaf
1348,0,0,0,0,0,0,0,0,0,0,0,Leaf
1349,0,1,0,1,0,1,0,1,1,0,-1,Leaf
1350,0,0,0,0,1,0,0,0,0,1,1,Leaf
1351,0,2,0,0,3,0,0,2,0,6,6,Leaf
1352,1,1,0,0,2,0,0,4,1,7,6,Leaf
1353,0,0,0,0,2,0,0,0,0,2,2,Leaf
1354,0,2,0,1,1,2,0,0,4,1,-3,Leaf
1355,0,1,0,0,0,0,0,3,1,4,3,Leaf
1356,0,0,0,0,1,0,0,0,0,1,1,Leaf
1357,1,0,1,0,0,1,0,1,1,1,0,Leaf
1358,2,1,0,1,1,0,1,3,1,4,3,Leaf
1359,0,0,0,0,1,0,0,0,0,1,1,Leaf
1360,0,1,0,0,1,0,1,0,0,3,3,Leaf
1361,0,3,0,2,4,1,1,3,1,5,4,Leaf
1362,0,0,0,0,1,0,0,0,0,2,2,Leaf
1363,0,2,0,0,2,0,1,3,0,2,2,Leaf
1364,0,0,0,0,2,0,0,2,1,2,1,Leaf
1365,0,0,0,0,1,0,0,0,0,2,2,Leaf
1366,0,1,0,0,2,0,1,2,1,2,1,Leaf
1367,0,0,0,0,1,0,0,0,0,2,2,Leaf
1368,0,2,0,0,2,0,0,1,0,2,2,Leaf
1369,0,1,0,0,0,0,0,0,0,0,0,Leaf
1370,0,0,1,0,1,1,0,1,1,3,2,Leaf
1371,0,1,0,0,1,0,0,0,0,1,1,Leaf
1372,0,0,0,0,1,0,0,0,0,2,2,Leaf
1373,0,2,0,0,1,0,0,1,0,1,1,Leaf
1374,1,0,0,0,0,0,0,2,1,3,2,Leaf
1375,0,1,0,1,0,0,1,1,1,3,2,Leaf
1376,0,2,0,0,2,0,1,3,1,2,1,Leaf
1377,0,0,0,0,2,0,0,1,0,2,2,Leaf
1378,0,2,0,0,2,2,2,2,2,7,5,Leaf
1379,0,0,0,0,0,0,0,0,0,0,0,Leaf
1380,0,1,0,0,2,0,0,4,1,4,3,Leaf
1381,0,1,0,0,2,0,0,1,0,3,3,Leaf
1382,0,1,1,0,1,0,1,3,2,1,-1,Leaf
1383,0,0,0,0,1,0,1,1,1,1,0,Leaf
1384,0,0,0,0,1,0,0,1,0,2,2,Leaf
1385,0,1,0,0,1,1,2,0,1,3,2,Leaf
1386,0,0,0,0,0,0,0,0,0,0,0,Leaf
1387,1,3,1,1,3,1,2,3,1,4,3,Leaf
1388,0,0,0,0,3,0,0,3,2,6,4,Leaf
1389,0,1,0,1,0,0,1,0,2,0,-2,Leaf
1390,0,1,0,0,2,0,0,2,1,3,2,Leaf
1391,0,1,0,0,4,0,1,5,1,5,4,Leaf
1392,0,0,0,0,1,0,0,1,0,2,2,Leaf
1393,0,2,0,1,1,1,1,1,1,3,2,Leaf
1394,0,1,1,1,2,0,1,3,2,4,2,Leaf
1395,0,0,0,0,1,0,0,0,0,1,1,Leaf
1396,0,0,0,1,3,0,1,2,1,3,2,Leaf
1397,0,0,0,0,0,0,0,2,2,0,-2,Leaf
1398,0,0,0,0,1,0,0,0,0,1,1,Leaf
1399,0,0,0,0,1,0,0,0,0,1,1,Leaf
1400,0,0,0,0,1,0,0,0,0,2,2,Leaf
1401,0,0,0,1,1,0,1,0,1,1,0,Leaf
1402,0,0,0,0,1,0,0,0,0,1,1,Leaf
1403,0,1,0,0,3,0,0,2,1,3,2,Leaf
1404,1,3,0,0,4,1,1,3,1,7,6,Leaf
1405,1,1,0,0,0,0,0,1,3,2,-1,Leaf
1406,0,0,0,0,0,1,0,1,2,0,-2,Leaf
1407,1,1,0,2,1,1,2,0,2,2,0,Leaf
1408,0,1,0,0,1,0,0,0,0,1,1,Leaf
1409,1,3,1,2,2,0,2,5,1,5,4,Leaf
1410,0,1,0,0,1,0,0,1,0,1,1,Leaf
1411,0,4,0,0,4,0,0,3,0,4,4,Leaf
1412,0,1,0,1,1,1,0,0,1,1,0,Leaf
1413,0,0,0,0,1,0,0,1,0,3,3,Leaf
1414,0,0,0,0,1,0,0,0,0,2,2,Leaf
1415,1,0,0,0,1,0,0,0,2,2,0,Leaf
1416,0,1,0,0,1,0,1,0,0,1,1,Leaf
1417,1,0,2,0,2,4,0,0,3,3,0,Leaf
1418,0,2,0,0,1,0,1,2,0,1,1,Leaf
1419,0,2,0,0,1,0,1,0,0,2,2,Leaf
1420,0,2,0,0,2,0,0,4,2,4,2,Leaf
1421,1,2,0,0,2,0,1,2,0,6,6,Leaf
1422,0,1,0,0,0,0,0,1,0,1,1,Leaf
1423,0,0,0,0,1,0,0,3,1,2,1,Leaf
1424,0,1,1,1,4,1,1,3,2,4,2,Leaf
1425,0,3,0,1,2,0,1,3,2,2,0,Leaf
1426,0,2,0,0,1,0,0,0,0,1,1,Leaf
1427,0,2,0,0,3,0,1,2,0,5,5,Leaf
1428,0,0,0,0,3,0,0,2,0,6,6,Leaf
1429,0,1,0,0,1,0,0,0,0,1,1,Leaf
1430,1,0,1,0,2,0,0,0,2,2,0,Leaf
1431,1,0,1,0,0,0,0,0,2,0,-2,Leaf
1432,0,1,0,0,2,0,0,1,0,3,3,Leaf
1433,0,0,0,0,1,0,0,0,0,1,1,Leaf
1434,0,1,0,0,2,0,0,0,0,2,2,Leaf
1435,0,0,0,0,1,0,0,0,0,2,2,Leaf
1436,0,1,0,0,1,0,0,2,1,4,3,Leaf
1437,1,1,1,2,1,0,1,1,2,1,-1,Leaf
1438,1,1,1,1,2,1,1,1,1,4,3,Leaf
1439,0,1,0,0,1,0,0,1,1,1,0,Leaf
1440,0,2,0,1,1,1,1,2,1,2,1,Leaf
1441,0,0,0,0,1,0,0,0,0,1,1,Leaf
1442,0,2,0,0,2,0,0,0,1,2,1,Leaf
1443,0,0,1,1,2,2,0,1,2,2,0,Leaf
1444,0,0,0,1,2,0,0,1,1,4,3,Leaf
1445,0,3,0,0,3,0,1,2,0,5,5,Leaf
1446,0,0,0,0,1,0,0,1,0,3,3,Leaf
1447,0,0,0,0,1,0,0,0,0,2,2,Leaf
1448,1,2,0,1,2,1,0,0,1,2,1,Leaf
1449,0,2,0,0,2,0,0,1,0,3,3,Leaf
1450,0,1,0,0,3,0,0,2,1,3,2,Leaf
1451,0,2,0,0,2,0,0,3,0,4,4,Leaf
1452,0,1,0,0,2,0,0,0,0,2,2,Leaf
1453,0,1,0,0,2,0,0,1,1,2,1,Leaf
1454,0,2,0,0,2,0,0,4,0,4,4,Leaf
1455,0,0,0,1,1,1,0,2,2,2,0,Leaf
1456,0,1,0,0,1,0,0,3,0,4,4,Leaf
1457,0,0,0,0,0,0,0,0,0,1,1,Leaf
1458,0,1,0,0,2,0,1,3,1,2,1,Leaf
1459,0,0,0,0,1,0,0,1,1,1,0,Leaf
1460,1,0,0,0,1,0,0,1,1,3,2,Leaf
1461,1,0,1,1,0,2,1,0,2,0,-2,Leaf
1462,0,1,0,0,1,0,0,1,1,2,1,Leaf
1463,0,0,0,0,2,0,0,1,0,3,3,Leaf
1464,0,0,0,0,0,0,0,0,0,0,0,Leaf
1465,0,2,0,0,1,0,1,1,0,1,1,Leaf
1466,0,0,0,0,1,0,0,0,0,1,1,Leaf
1467,1,0,1,1,0,2,0,0,3,1,-2,Leaf
1468,2,1,2,0,0,1,0,4,4,8,4,Leaf
1469,0,1,0,0,0,0,0,0,0,0,0,Leaf
1470,0,0,0,0,1,0,0,0,0,1,1,Leaf
1471,0,1,0,0,2,0,0,1,1,2,1,Leaf
1472,0,0,0,0,2,0,0,0,0,2,2,Leaf
1473,0,1,0,0,2,0,0,0,0,3,3,Leaf
1474,0,0,0,0,0,0,0,0,0,0,0,Leaf
1475,0,2,0,0,2,0,1,2,0,2,2,Leaf
1476,0,1,0,0,2,0,0,1,2,3,1,Leaf
1477,0,1,0,0,0,0,0,0,0,0,0,Leaf
1478,0,2,0,0,2,0,0,2,0,3,3,Leaf
1479,0,0,0,0,1,0,0,2,0,5,5,Leaf
1480,0,1,0,1,1,0,0,0,0,1,1,Leaf
1481,0,0,0,0,1,0,0,1,1,3,2,Leaf
1482,0,0,0,0,0,0,0,0,0,0,0,Leaf
1483,1,0,0,0,0,0,0,0,1,0,-1,Leaf